title,category,reward
왕모공이 쪼꼬미로 변신ㅣ실시간 모공개편 80% 현장 직접 확인하세요.,뷰티,3415%
2.5억메이커ㅣ5일만에 37.5%모공 쪼이는 오디앰플 [8중 임상 화제],뷰티,19739%
"[8.1억 대란]2.5배 커진 그린토마토, 모공쪼임 임상 완료..!",뷰티,3903%
[향기 200배 부스팅]1차 서포터님들이 극찬했던 '살냄새 바디워시',뷰티,838%
[1.3억/마지막앵콜]블랙헤드 반드시 녹습니다! BHA함유 핑크효소클렌저,뷰티,9072%
[6억벨라] 선크림이냐고요? 3초 흡수! 비건 워터 선에센스 입니다.,뷰티,6277%
[평점5] 단 7일이면 해결되는 기미! 비타민C 끝판왕 청담동1%미백비밀,뷰티,5708%
탐나는 인형 속눈썹! 단백질 폭탄 속눈썹 영양세럼,뷰티,8772%
"새치커버, 샴푸로 쉽게하세요ㅣ7일만에 완벽, 안전하게 <식약처정식등록>",뷰티,8409%
[손상모 필수] 미용실에서 쓰려고 만든 1/10저분자 단백질 폭탄 헤어팩,뷰티,4340%
"[피부표현극강]코덕들의 집착으로 만들어낸 쿠션, 쿠션유목민은 이제 없다!",뷰티,3801%
10억 클렌저 | 와디즈에 <세수한번> 안 써보신 분 없게 해주세요,뷰티,13248%
"[임상] 단 3일만에 색소침착, 피부 투명도까지 개선! #백옥앰플",뷰티,2147%
[6억 벨라]목주름부터 입가주름 완벽 작별! | 넥세서리 크림&앰플 듀오,뷰티,5840%
꽉찬피지 짜는 것보다 흑생강이 효과적...임상완료<1.2억 흑생강앰플>,뷰티,1705%
[사우나오일]눈코입 빼고 다 지웁니다. 블랙헤드 겹겹화장 30초 순삭,뷰티,987%
"[만족도5.0점 앵콜]국내에 단 3개뿐, 진짜 피부장벽 ""회복""기능성크림",뷰티,5890%
"[2.2억]146년 향수가문의 바디워시, 향수 뭐쓰냐고 자꾸 물어봐요",뷰티,6873%
14년간의 가슴크림 개발 ㅣ국내 크림 시장점유율 90%엔 이유가 있어요,뷰티,19442%
[두피때밀이] 더럽고 찝찝한 두피 시원하게 싹- I 비듬+각질+유분+탈모,뷰티,1281%
"[탄력성분만 48종] SPF수치는 기본, ""안티에이징 임상완료"" 선크림",뷰티,504%
[4.8점 감동후기] 특허받은 가슴크림 I 이번엔 미스트로 돌아왔죠,뷰티,4475%
임상완료 EGF앰플ㅣ식약처고시 최고함량.주름개선 200%가능합니다,뷰티,3434%
"[5점앵콜] 속각질 뽑아내고, 속보습 채우는 참마 비건클렌저",뷰티,1506%
"[마지막앵콜] 마진0%, 인상까지 달라지는 주름 쫙- 고농축 #탄력앰플",뷰티,1574%
"확실히 바뀌는 머릿결 40.19%개선, 샴푸하나로 취""향""저격 #취저샴푸",뷰티,1453%
꿀발랐나요? 사용직후 21%각질DOWN + 64%보습UP! 바디스크럽,뷰티,468%
1샴푸바 =샴푸5병! 50여 종의 건강한 자연성분으로 두피튼튼 모발찰랑!,뷰티,217%
화장품 흡수율 500%? 후기대란의 <앰플자동분사 MTS> 만점앵콜,뷰티,6396%
"[각질, 몸냄새OUT] 힘들게 벗겨내지마세요. 가볍게 샤워만 하세요!",뷰티,3045%
"눈을 시원, 촉촉, 편안하게! 삶의질 수직상승 <눈꺼풀 클린패드> 눈팡",뷰티,1325%
쪼인 모공? 유지시키는 건 아무나 못하죠. 모공에 빵빵한 수분충전하세요,뷰티,1083%
두피피지 스케일링! 청량+뽀송+향기 <청귤 스크럽 샴푸>로 두피소생!,뷰티,804%
[6.3억 메이커] 끝까지 살아있는 활성시카앰플로 모공+진정 동시케어,뷰티,463%
[크림머드 유황팩]피지박멸! 유황온천한 듯 깐달걀 피부결까지?,뷰티,1521%
면도후 에센스를 바른듯한 촉촉함ㅣ절삭력과 보습력을 모두잡은 편백 쉐이빙밤,뷰티,416%
"[여름피부관리 종결] 흡수 5초컷 선에센스, 진정효과 성분을 5가지나?",뷰티,268%
[콜라겐 218% 생성] 세안 직후 바르는 주름종결 아이크림!,뷰티,3231%
[6억/평점만점]앰플40병+모공&각질 특허 7개! 한정수량 바다패드,뷰티,2677%
[임상완료] 피부를 정화하여 맑고 환하게! 그린글로우 미나리세럼,뷰티,1948%
[콜라겐 뿌리 248% 충전스틱] 콜라겐 지금부터 관리 안 하면 훅가요!,뷰티,1799%
[S.O.S 여드름성 피부] 아클리어 에센스와 피지 진정 클렌저로 케어!,뷰티,1200%
수분 꽉잡아! 케일로 만든 끈적이지 않는 순삭 흡수 선에센스,뷰티,445%
[뽀송한오일] 물처럼 가볍고 흡수 빠른 아르간 리페어 헤어오일,뷰티,262%
수부지&피부결 고민 끝! 화장품 연구원의 비밀 레시피,뷰티,169%
[두피고민 순삭] 지움 두피 토닉,뷰티,145%
탈모고민? #특허받은 성분으로 탈모완화! 과학의 힘을 믿으세요.<모갓>,뷰티,141%
속눈썹에 정말 변화가 올까요? 3~4주만 열심히 발라보세요. 틀림없습니다,뷰티,137%
자연성분 영양거품으로 클렌징을? 특허성분 영양비누 낙안고,뷰티,3018%
"[미백 주름] 다래100,000ppm 겉은 보송 속은 촉촉한 무향보습크림",뷰티,519%
[과수원집 아들이 만든 한라봉 클렌저] 피부가 좋아하는 신선함 가득!,뷰티,404%
[앵콜1.5억/평점4.8] 단기간에 잡티가 사라지는 발림미친 광톤결크림,뷰티,372%
"[별점5 앵콜펀딩] 눈꽃처럼 반짝이는 클렌징비결, 9.5g유황 폭탄 비누",뷰티,333%
[이리온]피부와 지구에 무해한 핸드크림&바디로션 너에게 꼭 맞는 가격!,뷰티,294%
[미백기능성]피부관리샵 영업비밀제품! 집에서 꿀광메이커로 피부고민 올킬!,뷰티,232%
[뮨네이처]자연을 닮은 두피케어-건성도 지성도 OK! 두피스트레스 안녕~,뷰티,174%
[갓성비 힐링배쓰밤] 향+가격+EWG 그린성분! 은은한 과일샤워하세요,뷰티,151%
[만족도5.0]한 번 쓰면 중독되는 마성의 퍼퓸 샴푸ㅣ니치향수를 그대로,뷰티,145%
[주름실종앰플] 바다에서 추출한 성분으로 완벽한 주름개선!,뷰티,136%
"동안 윤기의 비결! 속부터 차오르는 ""입체광"", 아포메덤 필업세럼",뷰티,110%
순수비타민-C 30% + 알부틴 3% + 알파 고농축 앰플세럼,뷰티,62%
철갑상어 캐비어 순한 여성청결제,뷰티,19%
"[누적15억 괴물메이커] 주름쫙,장벽꽉! 탱탱 곤약피부 한번에 주름잡아요",뷰티,101515%
"[첫펀딩 3.1억] 60배 더 흡수되는 60배 크림, 확실한 주름개선효과",뷰티,83136%
[4억신화] 미백세럼 기강 잡으러 왔습니다 I 심플리웍스<세럼한번>,뷰티,71875%
"[임상완료] 알텀 펩타이드 크림? 61배 높은 흡수, 더 확실한 주름개선",뷰티,63023%
[임상13종] 항노화 검증ㅣ48% 안티에이징 #벤자민앰플,뷰티,61627%
[4.9점/3.1억] 마지막앵콜! 개발비 200억? 진짜 EGF 주름세럼,뷰티,60655%
[7억 I 마지막앵콜]와디즈에 <세수한번> 안 써본 사람 없게 해주세요,뷰티,58566%
면봉 태워 속눈썹 올리기. 알죠? 그 비법이 컬링기로! 전문가 극찬 잇템,뷰티,53131%
[마지막앵콜] 미백세럼 기강 잡으러 왔습니다 I 심플리웍스<세럼한번>,뷰티,52765%
"그린토마토, 모공수렴으로 특허받아 화제!",뷰티,52668%
청담동 1%의 톤과 결. 줄기세포 배양액을 30%나 담은 스피큘 크림.,뷰티,47963%
"[4.9앵콜] 한번만 써도 모공,각질 80% 감소! 임상으로 증명된 링톤",뷰티,46078%
"[누적20억] 하얀진액으로 60초면 말간 아기피부! 건강한 광채, 백당고",뷰티,44897%
미백세럼 기강 잡으러 왔습니다 | 심플리웍스 <세럼한번>,뷰티,41610%
"[1억앵콜] 한번에 모공 싹, 장벽 꽉! 평점 만점받은 흑당고가 뭐길래?",뷰티,41296%
[5.2억] 와디즈에 <세수한번> 안 써본 사람 없게 해주세요,뷰티,40451%
[2억5천 신화] 5천명의 서포터가 인정한 진짜 미백 앰플!,뷰티,36489%
"[2.5억앵콜]한번만 써도 모공, 각질 80%감소! 임상으로 증명한 링톤",뷰티,32677%
[3.6억 앵콜] 와디즈에 <세수한번> 안 써본 사람 없게 해주세요,뷰티,32028%
[34억 탈모장인] '나 탈모인가?' 고민해 본 사람은 솔직히 들어오세요,뷰티,31542%
[3억신화] 어떤 화장품이든 명품 효과로 만드는 유럽인증 #MTS롤러,뷰티,30232%
Ostay air Dock for Dyson airwrap,뷰티,29685%
"샤워했는데 향수 뭐 쓰냐고 자꾸 물어봐요, 145년 향수가문의 바디워시",뷰티,29400%
[6.17억대란] 개발비 200억! 14일 주름 작별 EGF 에센스,뷰티,29274%
선크림이냐고요? 3초 흡수 선에센스 입니다. | 비건워터 선에센스,뷰티,28366%
[7차 6억 신화] # 미백+수분 폭탄,뷰티,27983%
[8035%앵콜] 올인원 블랙헤드 케어! 이건 정말 확실하죠?,뷰티,27855%
한번 세안으로 모공부피 96%감소! 결 86%개선 임상증명 #숯카마클렌저,뷰티,27298%
"숯카마 막차에 올라타세요ㅣ쭉 짜서 세안만 하면 블랙헤드, 모공고민 끝!",뷰티,27141%
"[4.5억/마지막앵콜] 한번만 써도 모공,각질 개선 확인! 임상완료 링톤",뷰티,27044%
"""청담샵 아이메이크업 받았어?"" 들을거예요. | 2만원대 속눈썹고데기",뷰티,26757%
[2.2억/마지막 앵콜] 블랙헤드 개선! 임상확인 유산균 클렌저,뷰티,26135%
1억 달성 꿀광템| 후기가 인증하는 439%흡수율! 닥터EP의 마지막앵콜,뷰티,25759%
"[5.7억 앵콜]2.5배 커진 그린토마토, 모공쪼임 임상 화제..!",뷰티,24405%
잡티는 가려도 결은 가려지지 않아요 91%유효성분 그대로 '결콜라겐크림',뷰티,24029%
"[누적 7.3억] 알텀 60배 크림 대용량 펀딩, 확실한 주름개선효과",뷰티,23891%
[비블리X위글위글] 선빼고 다드려요! 2만원대 무선 미니 고데기,뷰티,23090%
1.3억앵콜ㅣ단 한번에 모공부피96%감소? 5점만점 후기로 입증 #숯카마,뷰티,22637%
"단,1회 4가지 빠른 효과 <세상에 없던 2030 Y존케어> 핑크솔루션",뷰티,22547%
[앵콜]30만원대로 내 결혼식을 하객들에게 영원히 기억남게 하는 법,뷰티,22542%
[임상+특허 총 10개] 72시간 당김없이 극강보습 | 이중장벽크림,뷰티,22323%
"[마지막앵콜] 수분 농축 히알붐 한 알로, 속건조 끝! 물광피부 완성!",뷰티,22144%
[펀딩요청쇄도] 한번에 모공싹비우고 장벽꽉채우고 흑당고 고체팩이 뭐길래?,뷰티,22107%
[세젤작 5나노 앰풀] 매일 5g씩 빠져나가는 히알루론산을 잡아라!,뷰티,21985%
[16776%ㅣ마지막앵콜] 전설의 손맛 - 마법괄사 / 전통 장인의 손맛,뷰티,21897%
"20일 만에 탄력있는 어린 피부로, 임상으로 효과 확인된 #플랑크톤크림",뷰티,21749%
"[4.7앵콜]사표내고 540일, 유기농 병풀/나비콩꽃추출물 에센스",뷰티,20915%
매일 달라지는 두피 모발! 이젠 눈으로 확인하세요 | 탈모홈케어 풀패키지,뷰티,20632%
[1억앵콜] 10초면 청담동 미용실을 느낄수 있어요! #유기농시럽,뷰티,20606%
"한방울 뚝,10초면 청담동 미용실을 느낄수 있어요 #유기농시럽",뷰티,20159%
"[각질OUT] 각질, 이제 힘들게 벗겨내지 마세요. 가볍게 효소바디하세요",뷰티,20057%
"[2.6억 앵콜] 그린토마토, 모공특허 임상증명 화제!!",뷰티,19011%
[1.3억/5점 앵콜] 개발비 200억! 진짜 EGF 주름개선 기능 세럼,뷰티,18380%
[세포라 상위] 5분만에 풀메이크업 완성ㅣ미친 피부결 #마약브러쉬,뷰티,17956%
[각질OUT] 힘들게 벗겨내지 마세요. 효소바디로 가볍게 씻기만 하세요.,뷰티,17926%
[5.0 앵콜] 서포터들도 인정한 확실한 탈모완화효과 #곰푸샴푸,뷰티,17851%
[2313% 마지막앵콜]괄사부터 갈바닉까지 디바이스 하나에 4가지 기능?,뷰티,17202%
[5점 신화] 딱 2주면 해결되는 색소침착. 기미 완화! l 임상완료,뷰티,17200%
"올여름, 기다려지게 만들어줄게요 I 특허받은 감동후기 <비글램 가슴크림>",뷰티,16874%
전설의 손맛 - 마법괄사 / 전통 장인의 손 그대로 무광세라믹 괄사,뷰티,16776%
[5.5억앵콜] 1000만원짜리 마사지와 필라테스를 내 방에서 10만원에,뷰티,16542%
"남자의 자신감, 하루 15분 마사지로 케어! | 히즈클린 맨즈 크림",뷰티,16500%
[마지막 앵콜펀딩/만족도4.8] 임상실험과 후기로 검증된 #플랑크톤크림,뷰티,16477%
"[4.7앵콜] 아프게 밀지말고, 가볍게 효소바디 하세요!",뷰티,16378%
"[10842%앵콜]온천 다녀온듯 매끈촉촉한 피부의 비결l 정답은 ""유황""",뷰티,16299%
[7.5억 마지막앵콜] 개발비200억! 14일 주름작별 탱탱 EGF에센스,뷰티,16197%
[4억 벨라 선에센스] 선크림이냐고요? 3초 흡수 비건 선에센스에요.,뷰티,16142%
[기초 색조를 한번에!] 수분앰플 79% 함유 아이다 앰플 쿠션 모이스트,뷰티,16085%
<1회 세안으로 모공 대청소> 모공 하나에 티트리 20개가 들어간다면?,뷰티,16070%
[1.4억앵콜] 블랙헤드 98% 개선! 임상확인 유산균 클렌저,뷰티,16027%
[1억앵콜] 양치 3번으로 치아를 깎지 않고 하얗게 쭉~ 유지하세요!,뷰티,15911%
[13억원 신화] 화사세럼 멜라닌 색소 분해 도움과 미백과 광채를 더하다,뷰티,15815%
[1.4억앵콜] 선크림이냐고요? 3초 흡수 비건워터선에센스 입니다.,뷰티,15505%
[4억앵콜] 1000만원짜리 필라테스와 마사지를 방에 누워서 10만원에!,뷰티,15317%
[6109% 앵콜] 립밤보다 강력한 보습과 영양으로 내 입술 푸딩처럼,뷰티,15188%
[임상완료] 블랙헤드 반드시 녹습니다! BHA 함유 핑크효소 클렌저 앵콜,뷰티,15116%
[오.늘.마.감] 하루만에 수분140%증가! 임상&후기검증 갈바닉 마스크,뷰티,15078%
"눈썹펌으로 한달에 한번, 인상을 바꿔보세요. 간편한 눈썹 관리",뷰티,14776%
"[마지막앵콜] 손쉬운 셀프 속눈썹펌, 이제 뷰러 필요 없어요! 후기보장",뷰티,14657%
"[1억앵콜]클렌저끝판왕 반반떡솝! 화이트헤드 쏙, 도자기 피부결 완성",뷰티,14565%
[2.8억/9차] 블랙헤드 끝장! 우유듬~뿍 클렌저 <세수한번 굿모링밤>,뷰티,14499%
[4.8앵콜] 수소로 피부 속 묵은 때 싹~필링! 실크로 탄력 충전,뷰티,14306%
"[와디즈 1등클렌저]1회 세안으로 모공 대청소, 티트리 20개가 모공에?",뷰티,14248%
"[1.5억앵콜]묵은 발각질 상처없이 3초 쓱-싹, #아기발스틱",뷰티,14246%
[10억 신화] 하루종일 수분감 터짐,뷰티,14243%
"[임상 5가지]눈가주름, 팔자주름, 목주름 I 멜팅 주름밤으로 밀착해결",뷰티,14056%
"[1억펀딩 콘돔 컴백] 과학으로 완성된 콘돔, 그 이상. 선악과즙",뷰티,14022%
[300배 흡수율]뽀글뽀글 수소로 묵은 때 싹 필링~ 실크로 탄력충전!,뷰티,13793%
"[4.7 마지막앵콜]묵은 발각질, 상처없이 3초면 쓱싹 #아기발스틱",뷰티,13763%
[3억펀딩신화] 멜라닌 색소 분해에 도움을 주는 <멜라노 세럼>,뷰티,13647%
[평점4.8 앵콜] 샴푸+클렌저+바디워시를 하나로! 천연성분 압축#햄프볼,뷰티,13421%
"5점앵콜 | 깐달걀 아이스앰플, 2개의 매직링이 결톤광 모공까지 올킬!",뷰티,13349%
[마지막앵콜] 유리스킨 멜라노크림,뷰티,13234%
[4.8억 벨라 선에센스] 선크림이냐고요? 3초 흡수 비건 선에센스에요,뷰티,13112%
<하루만에 수분 140% 증가>임상과 후기가 증명하는 갈바닉 마스크,뷰티,13064%
개발비용 200억 | 40년만에 탄생한 진짜 EGF 주름개선 기능성 세럼,뷰티,13001%
[7일 단골특집] 펀딩요청쇄도! 모공쫙~맑고 탱탱한 피부변화ㅣ오메가믹스,뷰티,13000%
23호추가 | 쿠션에 특허가 6개? 임상으로 보습력 검증한 [순간쿠션],뷰티,12935%
[4118% 마지막 앵콜] 6개 기능이 하나에? 5만원대 갓성비 갈바닉!,뷰티,12877%
[마지막앵콜 전원선물]앰플이 3억? 촉촉광채극찬후기 샤르드#구름앰플,뷰티,12847%
⭐️5873%앵콜⭐️카모 클렌징패드 사용했더니 모공관리 받냐고 물어보네요,뷰티,12800%
눈에 보이는 1회 사용 후 주름개선 효과! 국제시험기관 임상 완료!!,뷰티,12541%
"피지제거, 압출보다 흑생강이 효과적... 임상결과 나왔다 [특허원료]",뷰티,12406%
퍼퓸계의 미슐랭 3-STAR. 죽기 전에 발라봐야 할 바디로션이 돌아왔다,뷰티,12395%
[임상완료] 딱 2주면 해결되는 색소침착. 기미 완화! l 2주 미백,뷰티,12339%
[2.2억/8차] 우유빛깔 피부를 위한 휘핑클렌저 <세수한번 굿모링>,뷰티,12256%
"샤워했는데 향수 뭐 쓰냐고 자꾸 물어봐요, 145년 향수가문의 바디워시",뷰티,12210%
"[1억콘돔 선악과즙 컴백] 마침내, 상상 속 마사지젤을 현실로 구현하다.",뷰티,12127%
[마지막펀딩] 5억펀딩신화 멜라닌 색소를 안전하게 <멜라노 세럼>,뷰티,12069%
"[4.5억 마지막 앵콜] 그린토마토, 모공쪼임 특허받고 임상까지 화제!",뷰티,12059%
[앵콜] 이미 생성된 멜라닌 색소 분해에 도움을 준다,뷰티,12046%
"[만점후기확인] 피부 밝아졌다는 소리, 꼭 듣게 될 거예요. | SF앰플",뷰티,11902%
샴푸 속 알갱이가 두피 때를 벗겨내요 | 두피 스크럽과 모발관리를 한번에,뷰티,11864%
"단 7일만에 눈에 보이는 확실한 주름개선, 임상완료 링플!",뷰티,11754%
[3억앵콜ㅣ100%선물] 촉촉 광채 미백까지! 평점만점 <구름앰플>,뷰티,11672%
"[3.5억|마지막앵콜]1회세안으로 모공대청소,모공하나에티트리20개가?",뷰티,11593%
"[4.9앵콜] 수분 농축 히알붐 한 알로, 속건조 끝! 물광피부 완성!",뷰티,11558%
4730%앵콜ㅣ쿠션에 특허가 몇개야? 91%수분에센스기능성 [순간쿠션],뷰티,11344%
마지막 앵콜ㅣ쿠션에 임상+특허가 6개? 재펀딩율로 인정받은 [순간쿠션],뷰티,11212%
얼굴 118개의 기미 중 1/4이 사라진다면? 단 7일만에 깨끗한피부로!,뷰티,11121%
⭐특허⭐매일 13원에 두피클리닉 하세요 가성비 혁신템 <닥터시드 부스터>,뷰티,11081%
[4억샤르드]쿨링+모공+수분 21가지 임상특허! 쿨링진정<ICE크림>,뷰티,11030%
이게 진짜 아쿠아필! 집에서 블랙헤드 모공 각질 올킬하는 아쿠아필링기,뷰티,11013%
[마지막앵콜I파격이벤트] 일주일만의변화! 앰플왕의 마지막 귀환! SF앰플,뷰티,10930%
붙이면 주름관리 끝! 완벽밀착 투명패치로 24시간 티나지않게 주름케어,뷰티,10910%
"온천 다녀온듯 매끈 촉촉한 피부의 비결ㅣ정답은 ""유황""에 있어요.",뷰티,10842%
빛나는피부! 주름개선! 항산화끝판왕 비타민C를 평정하러 왔다!,뷰티,10808%
[피부속 수분량 43%증가] 3만원대로 만나는 연세대 교수의 30년 연구,뷰티,10772%
[마지막 앵콜] 온천 다녀온 듯 매끈 촉촉한 비결ㅣ정답은 유황에 있어요!,뷰티,10762%
[4.9마지막]피지감소 27.4%! 특허받은 197개의 니들은 다르니까!,뷰티,10736%
[역대급쉬움] 쓱-바르고 싹-떼어내는 수성네일. 손톱손상없이 네일체인지!,뷰티,10734%
[1.8억 마지막 앵콜] 올인원 블랙헤드 케어! 이건 정말 확실하죠?,뷰티,10675%
"#쌩얼보장#속부터 쌓아올리는 광, 겉은 뽀송-속은 촉촉![두유앰플]",뷰티,10585%
"[평점4.9점 앵콜] 피지, 블랙헤드를 싹 지워내는 놀라운 딥클렌징 효소",뷰티,10550%
"[후기 보장] 손쉬운 셀프 속눈썹펌, 이제 뷰러 필요 없어요",뷰티,10438%
[1.5억앵콜] 잡티는 가려도 결은 가려지지 않아요. 91%결 콜라겐크림,뷰티,10421%
"사표 던지고 18개월 동안 개발한 [진짜 어성초, 히알루론산 에센스]",뷰티,10392%
[미스트로 자외선 차단까지?!] 깃털처럼 가볍게 뿌리는 자외선 차단제!,뷰티,10270%
"[마지막앵콜]클렌저끝판왕, 블랙헤드는 빼내고 피부결은 쫀득! #반반떡솝",뷰티,10236%
[5차앵콜] 한번 사용으로 블랙헤드 98%개선! 임상확인 유산균 클렌저,뷰티,10214%
남자의 파이어볼을 ○스노볼○로 만들다. 완전체로 돌아온 Snowball,뷰티,10176%
[2억 I 특허임상9개] 빈틈없는 수분 충전! 100% 콜라겐+히알루론산,뷰티,10125%
[5억 | 마지막 앵콜] 모공 쫙~ 장벽 꽉~ 흑당고가 뭐길래?,뷰티,10091%
[60초 마사지] 각질과 보습 다 잡은 미네랄 폭탄 클렌징바,뷰티,10086%
[3.8억 숯카마] 모공부피 96%감소! 보습 74%+각질광채 30%개선,뷰티,10075%
"[이런콘돔 본적있어?] 여자가 선택한 콘돔의 끝판왕, 선악과즙",뷰티,10045%
매일 다른 피부상태 측정부터 맞춤케어까지? 프리미엄 뷰티디바이스 끝판왕!,뷰티,10042%
[세포라 상위] 5분만에 풀메이크업 완성ㅣ미친 피부결 #마약브러쉬,뷰티,9980%
"기능성 탈모 제품들의 비밀을 알면 두피, 모발 관리 해결책이 보인다.",뷰티,9778%
<3억 I 마지막 앵콜> 묵은 발각질 상처없이 3초 쓱싹 #아기발스틱,뷰티,9729%
화이트태닝한 줄! 샤워만으로 하얘지는 <미백샤워크림> 피부톤 자동보정!,뷰티,9694%
[각질OUT 4.9앵콜] 힘들게 벗겨내지 마세요. 가볍게 효소바디 하세요,뷰티,9686%
"5점앵콜 | 깐달걀 아이스앰플, 2개의 매직링이 결톤광 모공까지 올킬!",뷰티,9680%
고단가 세라마이드로 10분이면 피부 탄탄ㅣ원료함량 절대 타협하지 않았어요,뷰티,9658%
"[평점4.9실화?] 마지막 앵콜! 시카보다 강력한 진정효과, 피토알렉신",뷰티,9657%
"[3억신화/4차 앵콜 아이크림] 단하루,1캡슐 사용만으로 달라지는 피부",뷰티,9598%
"수분명가 달바ㅣ모공? 가볍게 착붙, 매일 새 것처럼 갈아쓰는 밀착 팩트",뷰티,9545%
"[11,146%펀딩신화] 얼굴 118개의 기미 중 1/4이 사라진다면?",뷰티,9507%
"[임상완료] 모공작살 삼지창 패드가 지나간자리 피지 순삭, 모공 볼륨UP",뷰티,9436%
[마지막앵콜] 선크림이냐고요? 3초 흡수 비건워터 선에센스예요.,뷰티,9363%
★4억펀딩신화★멜라노크림과 3중히알루론산이 만나면?! 멜라노 화사크림,뷰티,9167%
"4.7점 앵콜ㅣ클리닉 받은 듯한 머릿결, 바르는 트리트먼트 <찰랑이지>",뷰티,9116%
"<탈모샴푸의 기준>함량체크 필수! 맥주효모함량 무려 100,000ppm",뷰티,8891%
"25년 차 여배우의 실제 피부 관리법, 한고은이 추천하는 홈 에스테틱",뷰티,8796%
"[앵콜] 샴푸 5병=1샴푸바! 샴푸의 끝판왕 ""더블 포레스트""",뷰티,8775%
[앵콜] 뿌리깊은 속기미를 잡아야 진짜 미백이지. 임상받고 돌아온 멜라7,뷰티,8671%
[7029%앵콜] 모공청소와 모공수렴을 확실하게! 니들리 데일리 토너패드,뷰티,8646%
[슈퍼제로쿠션] 쓸수록 피부가 좋아지는 쿠션?! 임상&만족도 검증완료!,뷰티,8640%
[국민클렌저] 미생물 바이오클렌저! 애디팬더 바이오볼 하나면 샤워끝!,뷰티,8634%
[단독]강남 VIP 전용 피부결 관리 코스 전격 공개...임상완료,뷰티,8575%
[앵콜/만족도4.8] *특허성분*매일 13원에 두피클리닉하세요!,뷰티,8541%
"[16142% 앵콜펀딩] 마진0%, 물.광.폭.팔 고농축! 찐 미백앰플!",뷰티,8510%
붙이면 주름관리 끝! 완벽밀착 투명패치로 24시간 티나지않게 주름케어,뷰티,8482%
"[30초쿠션] 순간 광채 쿠션과 4컬러 립스틱까지, 하나로 다 됨!",뷰티,8471%
더 이상 쪼갤 수 없는 분자의 힘!,뷰티,8410%
[5.0 마지막앵콜] 샴푸 속 알갱이가 두피 때를 벗겨내는 스케일링 샴푸,뷰티,8305%
"[4차앵콜] 묵은 피지, 블랙헤드도 한번에 씻는 클렌저 <세수한번>",뷰티,8304%
치아를 깎지 않는 블링키트로 미백하고 하얗게 쭉~ 유지하세요,뷰티,8268%
낮에는 젠틀맨 밤에는 섹시한 남성을 위한 개밴럭스,뷰티,8248%
청담동 고급에스테틱처럼!보습톤업주름개선4Step hydra spa kit,뷰티,8248%
"[앵콜] 단 한번 뿐인 웨딩을 기억하는 방법 ""지금 이 순간-포토부스""",뷰티,8176%
"[속눈썹 인생템] 10초만에 끝내는 속눈썹 컬링 매직, 안젤리끄 히팅뷰러",뷰티,8125%
"[청담동 VVIP 한정판]상위 1%의 비밀, 나만의 퍼스널컬러 대.발.견",뷰티,8087%
[바나나 치아미백겔] 효과100% 보장,뷰티,8043%
"[올인원 블랙헤드 케어] 쓱쓱~ 문질러 녹이고, 싹싹~ 문질러 지워요!",뷰티,8035%
25년차 전문 연구원도 놀란 만족도! 임상결과로 말하는 [에키네시아앰플],뷰티,7922%
[1.8억/7차] 묵은 피지와 각질도 끝장보는 클렌저 <세수한번 굿모링>,뷰티,7867%
"[4.6앵콜]클렌저끝판왕, 블랙헤드는 빼내고 피부결은 쫀득! #반반떡솝",뷰티,7857%
[7일 앵콜] 이런 마사지젤 후기 본 적 있어요? 개발자도 놀란 후기;;,뷰티,7739%
6가지 영양 성분이 들어간 착색 괴물 [플러피 립 틴트 1+1],뷰티,7690%
[1.3억 앵콜] 펀딩요청쇄도! 모공쫙~맑고 탱탱한 피부변화ㅣ오메가믹스,뷰티,7644%
"[1억 앵콜] ""피부결이 아니라 도자기 만지는 느낌!"" 한고은 마스크팩",뷰티,7575%
"[4억 8천만원의 신화] 방부제 0%,순수비타민C 베리홉 8일 미백 크림",뷰티,7521%
몸주름도 관리해야죠. 주름개선 기능성! 목주름 쫙- 언에이징 바디크림,뷰티,7506%
블러처리한 피부 같아요. 발효성분의 힘 | 피부결 종결 크림,뷰티,7318%
"[7,900원으로 완성] ""진짜 자신있는 피부"" 특허 성분 앰플 #알리플",뷰티,7269%
쌩얼에 립밤만 발라도 화장했냐 물어요. 3초 완성 #남녀공용 #꾸안꾸립밤,뷰티,7169%
[1억앵콜]샴푸+클렌저+바디워시를 하나로! 천연성분압축 멀티클렌저#햄프볼,뷰티,7150%
[펀딩13968%] #마약브러쉬 NEW 라인공개ㅣ미친 피부결은 장비 빨!,뷰티,7102%
아직도 기미 관리 안하신다구요? 더 늦기전에 뿌리깊은 속기미까지 뿌리뽑자,뷰티,7088%
하루종일 마스크에 시달린 피부에 명확한 해답! 97.8 영양폭풍 마스크팩,뷰티,7050%
"[8억 펀딩] 흑당고가 팩으로? 모공 쫙, 장벽 꽉! 흑당고 진액팩",뷰티,7041%
"[4.7신화]맥주효모 100,000ppm! 탈모샴푸의 기준이 될게요",뷰티,7032%
[조효진PICK] 모공청소와 모공수렴을 동시에! 니들리 데일리 토너패드,뷰티,7029%
"[잡티 손절 에센스] 2주만에 잡티 이별, 미백명가 산다화",뷰티,6979%
[특허만 6개] 크림은 이걸로 정착하세요. | 미생물 펩타이드 바이오크림,뷰티,6976%
[5억샤르드]앰플40병이 들어간 바다패드!각질+수분+모공 올킬!,뷰티,6871%
[기록갱신 & 4차앵콜] 죄송합니다. 이 비누 향수는 탈출구가 없습니다.,뷰티,6746%
"[2.5억]샤워 한 번에 녹이는 각질! 무르지 않는 단단함, 바하바디바",뷰티,6727%
"[쌩얼이쁨주의] 2주 완성 도자기 물광피부, 기적의 보라빛 크림",뷰티,6713%
"[5.0앵콜] 달라지는 두피, 눈으로 확인하세요 l 탈모홈케어 풀패키지",뷰티,6695%
[3억신화]더이상의 클렌저는없다! 피부인지295미생물 국민클렌져 바이오볼,뷰티,6693%
"글로벌 2억펀딩ㅣ모발인장력개선 임상완료, 모발고민! 더 늦기전 관리해요",뷰티,6638%
정말 믿을만한 줄기세포 배양액 화장품을 기다려왔던 당신에게,뷰티,6634%
"[13781% 앵콜, 와디즈 1위 립밤] 쌩얼에 립밤만 발라도 화장했녜요",뷰티,6634%
"5점앵콜| 단 1초 시크릿존 관리 완결템, 니치한 향기까지 고급스러워요!",뷰티,6631%
"[8300% 앵콜] 선크림, 여름피지도 한번에 씻는 클렌저 <세수한번>",뷰티,6628%
"말이 돼? 기미,잡티 2주만에 개선! 임상으로 입증한 미백 항산화크림",뷰티,6619%
[7169% 앵콜] 쌩얼에 립밤만 발라도 화장했냐 물어요. #꾸안꾸립밤,뷰티,6612%
한 번 상한 머릿결은 되돌릴 수 없다?! 정답은? NO!,뷰티,6606%
"[6,606% 앵콜] 한 번 상한 머릿결은 되돌릴 수 없다?!",뷰티,6570%
[패드만2억5천]모공부터 각질까지 올인원패드 1장으로 부드럽게 관리끝!,뷰티,6557%
피부톤(흑톤)개선ㅣ수치로 증명할게요. 여름철 피부 속 멜라닌을 투명하게.,뷰티,6552%
[단독] 강남 VIP 전용 피부결 관리 코스 전격 공개...임상완료,뷰티,6546%
딱딱한 블랙헤드를 부드럽게 녹여주는 [멜팅 부스터],뷰티,6525%
총기간3년 개발비12억! 비교불가 4주케어 마법의 물약 SF바이오앰플3종,뷰티,6504%
[2억 2천 신화] 다신 없을 모공아웃 #카모패드 + 모공방어 #선크림,뷰티,6493%
"[1억신화/2차 앵콜 아이크림] 단하루,1캡슐 사용만으로 달라지는 피부",뷰티,6461%
[앵콜]사랑할때 아직도 사용안해 보셨다구요?#유기농96%,뷰티,6447%
[누적 2.2억]머리+얼굴+몸 한 번에 씻는 올인원 클렌저! #비건비트볼,뷰티,6424%
"[앵콜]나의 피부고민, 고심끝에 만든 착한성분의 비건(Vegan)화장품!",뷰티,6401%
[붓기 홈케어 솔루션] 30년 경력 마사지사의 손맛 시원함 그이상!,뷰티,6362%
로즈쿼츠괄사 원조맛집! 자르딘 천연 보석 마사져 2종 FACE&BODY,뷰티,6356%
"상위1% 피부과학 X 22년 명품화장품 전문가, 피부를 다루다 I 다룸",뷰티,6349%
"★앵콜★ 피부고민, 좋아졌다는 와디즈 후기를 확인하세요! [오메가밤]",뷰티,6334%
"[선악과즙 FINAL] 이 세상 가장 완벽한 ""상상 속"" 마사지젤의 탄생",뷰티,6322%
[37년 경력 약사] 역대급 이너뷰티! 콜라겐과 블루스피루리나 콜라보,뷰티,6321%
[앵콜]27.4%피지 감소 입증! 특허받은 197개의 니들은 다르니까?!,뷰티,6321%
[앵콜] 명품화장품16년경력으로 만든 급이 다른 선크림 피부야타지마,뷰티,6305%
[메이커 만족도 5.0 만점 / 앵콜] 배우 한고은의 실제 피부 관리법,뷰티,6303%
"9억 흑당고가 두피바로? | 두피를 깨끗하게, 튼튼하게! 약산성 두피팩",뷰티,6294%
탈모앰플 흡수율 무려 800%ㅣ이젠 두피도 괄사하세요,뷰티,6274%
코팩 버렸어요! 세수만으로 블랙헤드 비우는 #모공청소기 클렌저,뷰티,6241%
"로션 발랐어? 아니, 밀키바로 우유목욕했어! 매끈보들 밀키피부 '밀키바'",뷰티,6240%
[청담동 VIP 한정판]기미+잡티+미백 올킬! 청담동 1%의 미백비밀!,뷰티,6237%
먹는 자외선차단제 최초 공개 | 피부과전문의 개발 | 식약처 인증완료,뷰티,6219%
이제 메이크업 완성은 속눈썹! 아찔하게 오래가는 [실루에뜨속눈썹고데기],뷰티,6206%
[평점4.8브랜드] 미친발색 글리터섀도우,뷰티,6202%
[마지막 앵콜] 화장시간 15분을1분으로 단축시켜 줄 늦잠크림,뷰티,6169%
"[6차앵콜] 묵은 피지, 블랙헤드도 한번에 씻는 클렌저 <세수한번>",뷰티,6156%
"[7269% 앵콜] ""7,900원""이면 자신있는 피부 완성 #알리플",뷰티,6110%
립밤보다 강력한 보습과 영양으로 내입술 촉촉한 푸딩처럼ㅣ인스테드 립마스크,뷰티,6109%
"[4.9앵콜]모공,블랙헤드! 임상입증 핑크효소 세안팩으로 확실히 없애세요",뷰티,6109%
[6002% 앵콜] 두피 각질에 굿바이 키스를 쪽~ 호호히 두피바,뷰티,6108%
"[4.9점,탈모완화기능성] 윤기있는 모발, 깨끗한 두피. 이젠 정착하세요",뷰티,6083%
에스테틱에서 받았던 그 자극 그대로! 하루 10분 순환스틱 [엘페이스S],뷰티,6075%
"식약처 심사ㅣ국내에 단 3개뿐, 진짜 피부장벽 ""회복""기능성크림 환절기템",뷰티,6063%
[앵콜]사랑하는 사람과 친밀할때 이젠 함께하세요! #유기농 96%,뷰티,6055%
대한민국 다발성 질병 환자수 1위! 진짜 중요한건 '잇몸' 입니다.,뷰티,6053%
에스테틱 제품은 비싸다? 매일 집에서 만나는 고기능 + 가심비 홈에스테틱,뷰티,6039%
<비건 선세럼> 레드 까멜리아의 놀라운 수분밀착 에너지와 선크림의 만남!,뷰티,6032%
3억 5천ㅣ서포터님 의견 적극반영한 #모공/미세먼지아웃 #카모클렌징패드,뷰티,6030%
"두피고민을 위해 인체지방조직세포배양""원액""을 담은 진짜 탈모완화샴푸",뷰티,6026%
[각질OUT] 힘들게 벗겨내지 마세요. 가볍게 효소바디 하세요.,뷰티,6023%
치과의사가 만든 진짜 치아미백제! 언제 어디서나 30분만 투자하세요!,뷰티,6012%
[올랑 노콘핏]이렇게 촉촉한 콘돔 보셨어요? 수용성 윤활액 콘돔!,뷰티,6012%
"두피 각질에게 굿바이 키스를 날리세요, 쪽~ I 호호히 두피바",뷰티,6002%
청결제 치워! Y존 고민 3초 만에 해결하는 <Y존세럼> 어때요?,뷰티,6002%
"99.9% 살균 UV 스테이션 탑재, 깨끗하게 싹- 가심비 전기면도기",뷰티,5947%
[각질개선 85.9% 임상] 샤워로 각질과 냄새까지 싹 케어하는 효소바디,뷰티,5945%
"[1시간후종료] 묵은 피지, 블랙헤드도 한번에 씻는 클렌저 <세수한번>",뷰티,5917%
"피지까지 녹이는 극찬받은 세정력ㅣ기름은 기름으로 녹여야죠,신개념 찰떡유화",뷰티,5915%
모공 속으로 들어가는 미세 갈고리형 특수 패드? 모공청소 토너패드!,뷰티,5903%
"[모근흡수율 99%] 432시간이 만들어낸 두피뿌리의 변화, 콤부바",뷰티,5894%
[카모 클렌징패드] 편해서 바꿨을 뿐인데 모공관리 받았냐고 물어보네요,뷰티,5873%
"단 15일, 내 피부가 변하는 시간 '미백+고보습+진정' 최적의 레시피",뷰티,5849%
"5점앵콜l NO번들YES수분, 깐 달걀처럼 매끈탱탱 하나로 완성 하세요!",뷰티,5811%
"[누적펀딩 6079%]비오틴 함량이 54배나 많은, 비오틴 폭탄 탈모샴푸",뷰티,5777%
"[앵콜]""아픈만큼 예뻐져."" 센텔라 640,000ppm 대용량 스피큘크림",뷰티,5758%
[임상입증] 모공&블랙헤드 싹~ 핑크효소 클렌저,뷰티,5692%
[1등쿠션/16121%앵콜] 전성분도 완벽한데 수분잠금 기능성까지?,뷰티,5687%
[1억신화/2차앵콜] 바르는 순간 여신 강림 [틴트1+1],뷰티,5661%
세상의 모든 웨딩을 담아드리는 '지금 이 순간 - 포토부스',뷰티,5629%
[5616% 앵콜] 임상10종과 특허2종! 잡티지옥&왕모공 탈출 인생앰플,뷰티,5616%
"[5.0앵콜]""너 얼굴에 뭐 했어?"" 소리들었어요! 바쿠치올로 바꿔치워!",뷰티,5548%
[5.0 마지막앵콜] '진짜' 여드름 기능성 클렌저 | 99.999%항균,뷰티,5540%
"[1.5억앵콜]강남VVIP 전용 피부결 관리코스 전격 공개, 임상완료!",뷰티,5534%
[1.2억] 사랑할때 아직도 사용 안해보셨다구요? #유기농 96%,뷰티,5406%
"[정제수0%] 성분은 순하게, 효과는 강하게 ★민감피부★ 고민해결 인생템",뷰티,5380%
남이보는 진짜 나의 모습 : 리얼미,뷰티,5376%
"[앵콜/만족도4.9] 후기로 검증된""아픈만큼 예뻐져."" 대용량 스피큘크림",뷰티,5368%
"탄력쾌감 마약에센스 | 써보면 알아요, 격이 다른 0-에이징 에센스",뷰티,5335%
[신기록 & 5차 앵콜] 죄송합니다. 이 비누 향수는 탈출구가 없습니다.,뷰티,5326%
"[3차앵콜] 묵은 피지, 블랙헤드도 한번에 씻는 클렌저 <세수한번>",뷰티,5310%
[4.9앵콜|임상완료] 피부탄력 74.5% 개선! 써보면 놀라요.,뷰티,5285%
96% 진짜 유기농! 사랑하는 사람과 가장 친밀한 그 순간을 함께하세요!,뷰티,5283%
"[단,3분] 완벽한 스타일링과 영양케어ㅣ 헤어샵을 집으로 옮기세요",뷰티,5280%
[피부관리 필수템] 화장품 회사 대표 4명이 모여 만든 뷰티 디바이스!,뷰티,5266%
"끈적임 없는 순삭 흡수 여름크림 찾고 계셨죠? 81%진정, 착한성분 참마",뷰티,5261%
앵콜]양말 벗을 준비! 발각질제거제 캘러스필 미스트-풋파일 업그레이드,뷰티,5253%
"[4억] 씻을수록 어려지는 아기모공 클렌저, 이젠 꼭 써봐야할 때!",뷰티,5214%
"렌즈의 착용부터 관리까지! 눈 건강을 책임지는 올인원 패키지, 렌즈웨어",뷰티,5202%
[평점4.9앵콜] 피부과 가지마세요! 속부터 결까지 좋아지는 띵작수분크림,뷰티,5147%
"[비주얼 폭격] 핸드메이드 스킨케어, 장미 한 송이를 그대로 담았습니다",뷰티,5131%
[ 9억신화 ] 멜라노선크림 # 태양광에 의한 멜라닌 색소 분해에 도움,뷰티,5112%
"[향덕 입문용] #향수30종 #6만원대 ""향수, 이제는 실패없다""",뷰티,5110%
"[누적펀딩11514%] 탈모케어 센터의 솔루션을 담은 “골드 마유 샴푸""",뷰티,5094%
[앵콜/만족도5.0] 향이 미친 핸드워시! 우리의 환경까지 생각해주세요.,뷰티,5064%
"겉은 뽀송, 속은촉촉! 여름에도 땀냄새에 쿨 해지자! [워터밤 데오스틱]",뷰티,5040%
쏙 잡아서 싹- 닦아 쌀로 채우는 쌀뜨물 피부의 완성 #쏙쌀폼,뷰티,5040%
[임상완료] 뭉친 피지덩어리 청소하는 그린토마토 모공패드!,뷰티,5034%
"찰랑이는 모발,말끔해진 두피! 모발과 두피 '모두'를 위한 효소두피샴푸",뷰티,5015%
내 치아가 하얀게 아니라고? 본격 치아미백 프로젝트 [화이티 화이트닝겔],뷰티,5007%
[1억 앵콜] 사랑하는 이와 함께하는 시간 I 유기농96% 멀티 오일,뷰티,4967%
"[색채학석사]실패없는 립컬러에 수납력까지? 립스틱카드, 립카하세요",뷰티,4940%
"[1억5천 펀딩신화]아직모르세요? 295종 미생물 어벤져스, 애디팬더!",뷰티,4921%
"선크림, 이제 톤에 맞춰써야죠. 웜쿨 모두 착붙톤업! 1g톤업선크림",뷰티,4873%
언니가 왜 거기서 나와? 손담비의 피부속 0.15mm까지 미백 항산화크림,뷰티,4844%
이 세상 비누향 유목민들 모여라! 리베르 섬유향수,뷰티,4843%
"[마지막앵콜] 끈적임 없는 순삭 흡수 참마크림 I 81%진정, 착한비건",뷰티,4747%
[승무원 미스트] 10년차 승무원이 작정하고 만든 수분윤광 미스트,뷰티,4730%
"[*앵콜*1만원대] ""향기+탈취+살균"" 한번에 해결! mash 에어퍼퓸!",뷰티,4686%
[두피 진피층까지 탈모관리] 국내 최초 0.75mm 마이크로니들 앰플!,뷰티,4670%
[kg 당 6억원의 특허원료]임상 5가지 '진짜' 여드름 기능성 클렌저,뷰티,4670%
"[진정엔 갓패치!] 니들리 패치, 피부 고민에 정곡을 찌르다",뷰티,4628%
[각질지우개 바디버터밤]쓱- 바르는 고체로션! 겨울에도 맨들촉촉하세요,뷰티,4627%
[누적 3.5억 마지막 앵콜] 레비테놀,뷰티,4625%
"[3억 앵콜] 1회 세안으로 모공 대청소, 모공 하나에 티트리 20개가?",뷰티,4619%
"[누적 2억] 선크림 맞나요? 흡수 쏙, 수분 팡! 가벼운 비건 선세럼",뷰티,4607%
[재구매 93%] 나의 피부고민 해결! 비건 화장품,뷰티,4601%
[8364% 앵콜]꽉 막힌 모공 피지 청소! 더 좋아진 그린토마토 패드,뷰티,4579%
"[앵콜요청쇄도] 미생물 국민클렌저 바이오볼, 피부가 확실히 달라집니다.",뷰티,4574%
"[4628%앵콜] 진정엔 갓패치! 니들리, 피부고민에 정곡을 찌르다",뷰티,4564%
두피에 슥- 바르고 잠들면 끝! 초간단 탈모홈케어 [솔랩 두피 앰플팩],뷰티,4556%
[252가지 복합 펩타이드 크림] 줄기세포 연구기업의 피부 건강 프로젝트,뷰티,4495%
역류성 피지 잡고 2주만에 모공깊이 48.45% 개선 약속드려요 리터뉴!,뷰티,4474%
"기름뿜뿜 내 얼굴, 10초만에 뽀송해지는 비결! <텐텐파우더>",뷰티,4452%
"[앵콜] 딸기 씨만 쏙 빠지는 ""분홍밤"" 피부결은 살리고 블랙헤드는 쏙!",뷰티,4439%
[SPF50+] 노세범 아닌가요? 화장 위에도 덧바르는 찐보송 선스틱,뷰티,4429%
[3억 앵콜] 6가지 영양성분이 들어간 착색괴물 틴트 1+1,뷰티,4411%
[1억신화/4.2앵콜] 6가지 영양 성분이 들어간 착색괴물 [틴트1+1],뷰티,4407%
⭐누적고객300만⭐ 탈모클리닉 전문가의 진짜 탈모샴푸[닥터스칼프 디케어],뷰티,4371%
"[1억펀딩 립마스크] 환절기 각질없이, 내 입술 푸딩처럼 캐롯립밤",뷰티,4367%
[평점4.8 앵콜]강력한 블랙헤드를 자극없이 흡착하는 모공싹쓸템,뷰티,4365%
[만족도5.0]PDRN 97% 단 1회 사용으로 속결광부스팅 #1샷앰플,뷰티,4352%
5.0점 | 3차앵콜 | 이렇게 완벽한 티트리 제품을 본적 있나요?,뷰티,4351%
딸기 씨만 쏙 빠지는 <LHA 분홍밤> 피부결은 살리고 블랙헤드는 쏙!,뷰티,4336%
단 9개의 천연성분으로 모공속 피지와 블랙헤드 제거[순수클렌저],뷰티,4332%
[누적4억]SF영화처럼 확실한 변화? 앰플의 SF화! 미생물 바이오앰플!,뷰티,4327%
<갓성비 홈 아쿠아필링> 모공 진공청소기로 여름철 모공/피지 고민 끝!,뷰티,4295%
답답하고 미끄럽고 진한 향이 불편해서 핸드크림을 안 쓴다고요?,뷰티,4295%
[26종-항노화임상]안티에이징의 명가#스텔라마레-피토플랑크톤 기초 4종,뷰티,4285%
[제주도에서 핀란드까지!] 갓성비 배쓰밤으로 떠나는 방구석 세계여행,뷰티,4283%
"[4억 앵콜] 한번만 써도 모공, 각질 80%감소! 임상으로 증명한 링톤",뷰티,4279%
[누적펀딩 2억6천] 선크림 기술력의 끝! 민감보스의 인생선크림,뷰티,4263%
[4.9메이커]모공 볼륨감소 최대80% 실화입니까?임상센터도 놀란 감소율,뷰티,4254%
치약만으로 할수 있다구?! 양치만으로 치아를 하얗게 쭈~욱~~~~! 유지,뷰티,4252%
[늦잠크림] 화장시간 15분을 1분으로 단축시켜 줄 듀얼앰플커버크림,뷰티,4248%
[아기두피로 고-백]비듬x탈모 전쟁끝! 특허받은 독도미네랄로 머릿결까지!,뷰티,4232%
"[평점4.8 앵콜] 2 in 1 천연향수, 시크릿존 청결제로 위생과 향기",뷰티,4224%
임상으로 입증한 안티에이징과 미백의 완성|지바힐즈 트록세덤,뷰티,4222%
[유기농80%]전성분 단6개?스틱형 비건오일로 수분꽉잡고 목욕탕광 내세요,뷰티,4219%
"[치과의사 치아미백 2탄]임상효과 증명, 더욱 간편해진 치아미백!",뷰티,4212%
"잡티는 가려도 결은 가려지지 않아요 91%유효성분 그대로 ""결콜라겐크림""",뷰티,4210%
"10년 연구 개발, 유럽에서 더 유명한 발각질제거제 캘러스필 국내 론칭!",뷰티,4200%
"★2222%달성 앵콜★ 당신의 인생 향수, 매쉬 수트퍼퓸",뷰티,4190%
⭐6000% 앵콜⭐ 여름 잡티 걱정 끝! 고기능성 가심비 홈에스테틱,뷰티,4172%
[기미잡티 34%개선] 임상+특허받은 연세대교수의 30년연구 #기미홈케어,뷰티,4167%
샴푸 경험을 혁신하다 - 나를 위한 일대일 맞춤 애드온샴푸 [르셀르],뷰티,4165%
"[5점, 마지막 앵콜] 윤기있는 모발 | 깨끗한 두피, 와사비 탈모샴푸",뷰티,4165%
[5점 만점/4283% 앵콜] 갓성비 배쓰밤으로 떠나는 방구석 세계여행!,뷰티,4161%
[1억8천신화] 키노닉스가 작정하고 만든 두번째 <올인원 선밀크>,뷰티,4159%
[2차 앵콜] 딱딱한 블랙헤드를 부드럽게 녹여주는 멜팅 부스터,뷰티,4148%
나는 매일 새 화장품을 뜯는다 [6가지 비타민 슈퍼 캡슐 31],뷰티,4143%
"4.9앵콜/임상시험 l 2분 샤워로 피지,모공까지 관리되는 #올클렌징바",뷰티,4142%
"[앵콜] 샴푸 5병=1샴푸바! 샴푸와 보습을 한번에, 더블 포레스트 샴푸",뷰티,4141%
"확실하게 흡수해요, 모공 1/200크기니깐! 미백&주름 마이크로 크림앰플",뷰티,4125%
당신의 피부는 사랑받기 위해 태어났다. 꾸지뽕 피부자랑 크림,뷰티,4125%
자극없이 블랙헤드와 각질을 제거한다고? [1.5억앵콜 순수 효소클렌저],뷰티,4121%
"[5.0만점 앵콜]""신개념여성청결제"" Y존 냄새,습기먹는 하마. 이너샤인",뷰티,4119%
"[6억 3천만원의 신화] 방부제 0%, 순수 비타민C 베리홉 8일미백크림",뷰티,4106%
"[피부 관리 종결] 5만원대 갓성비 6in1 디바이스, 미소 온열 갈바닉",뷰티,4096%
"[1억신화] 이 흡수력과 발림성, 정말 선크림 맞나요? 홈에스테틱 선세럼",뷰티,4082%
'8층미스트'를 아시나요? 고체발효 흡수력 선넘네! #임상3개#2중기능성,뷰티,4078%
[1억신화/평점4.9앵콜] 미친발색 글리터 섀도우,뷰티,4077%
"빛나는 정수리, 빗어서 채우세요. 케라틴으로 촘촘하게 <흑채브러쉬>",뷰티,4068%
샴푸+클렌저+바디워시를 하나로! 천연성분 압축한 멀티클렌저#뷰티볼#햄프볼,뷰티,4049%
"향+가격+품질+레이어링, 모든 것을 만족시킬 [진짜 향수]",뷰티,4046%
"앵콜요청쇄도! 잡티는 가려도 결은 가려지지 않아요, 91%결 콜라겐 크림",뷰티,4044%
미용사가 말하는 미용실 헤어클리닉의 진실?,뷰티,4041%
[14882%앵콜] 각질과 블랙헤드를 싹 제거하는 놀라운 딥클렌징 효소,뷰티,4038%
[5억/4.8]모공+쿨링+진정 임상특허 21개 샤르드<ICE크림>,뷰티,4031%
"두피 및 모발 건강을 위한 테라피 샴푸, V101 바이올렛 샴푸",뷰티,4031%
"[진짜 문제는 오염된 피부] 단 1회 사용으로 각질, 피지 싹쓰리",뷰티,4030%
"[3초만에 주름종결] 세안 직후 바르는 아이크림, 콜라겐 218% 생성",뷰티,4030%
"업그레이드 앵콜ㅣ클리닉 받은 듯한 머릿결, 바르는 트리트먼트 <찰랑이지>",뷰티,4022%
[5점앵콜/후기] 발각질 고민? 끈적임없는 풋크림의 놀라운 결과,뷰티,4021%
모공면적 95%개선 확인! 미세먼지까지 싹- 비워내는 초강력 클렌징패드,뷰티,4020%
96% 진짜 유기농! 가장 친밀한 그 순간을 함께하세요! 5283%앵콜,뷰티,4018%
부담없이 도전할 수 있는 단기 태닝. '임효정'처럼 살아 보시겠습니까?,뷰티,4011%
"지쳐있는 귀를 관리하고 상쾌한 청량감을 더하다! ""클리어리 이어세럼""",뷰티,4009%
[한정판앵콜] 3분만에 때부자되세요! 샤워만으로 세신받은 효과 때때가마솝,뷰티,3994%
7년연구ㅣ깊은주름 끝판왕 목주름까지 개선?? <주름은 펴고 광채는 반짝>,뷰티,3988%
"관리는 장비빨, 단 1초만에 느껴지는 하이클래스 헤어 브러쉬의 신세계",뷰티,3967%
[평점5점] 사랑하는 사람과 친밀할때 이젠 함께하세요! #유기농 96%,뷰티,3965%
이런제품보셨나요? 이젠 전신을 유익균에 풍덩! 전신 각질&보습 해결!!,뷰티,3946%
"오트밀, 녹차 갈아만든 원물 클렌져로 모공, 블랙헤드 OUT!",뷰티,3930%
[4921% 앵콜] 죄송합니다. 이 비누 향수는 탈출구가 없습니다.,뷰티,3927%
"[2억펀딩신화앵콜]아직도 모르세요? 295종 미생물 어벤져스, 애디팬더!",뷰티,3904%
[임상확인] 피부가 좋아지는 선케어 <링솔> 자외선차단/모공/유수분개선,뷰티,3898%
[특허만5개] 칙칙해질 기미없는 앰플선 |사르르 녹는 신개념 제형,뷰티,3890%
[1.5억] 사랑할때 아직도 사용안해 보셨다구요? #유기농96%,뷰티,3888%
"[5.6억 신화]앰플이 40병이요? 모공, 수분 특허7개 ""바다패드""",뷰티,3882%
"[여성청결제] for 엄마, 누나, 할머니, 동생, 아내, 여자친구",뷰티,3877%
"3400%앵콜⭐2 in 1 천연향수&여성/남성청결제, 위생·향기",뷰티,3874%
"[2935% 앵콜]""신개념여성청결제"" Y존 냄새습기먹는 하마.이너샤인",뷰티,3873%
[2억신화/평점4.9앵콜] 미친발색 글리터 섀도우,뷰티,3865%
[누적8000%]지금까지의 시카는 잊으세요.기적의 찐병풀 쌍둥이 시카크림,뷰티,3865%
"[평점5/긴급앵콜] 단 6일간만 펀딩, 진짜 하얘지는 산뜻촉촉 진정크림!",뷰티,3859%
2020년 마무리 앵콜ㅣ이렇게 완벽한 티트리 제품을 본적 있나요?,뷰티,3829%
"[마지막 앵콜, 이제 없다]바쿠치올 원조 맛집! '너 피부에 뭐 했어?'",뷰티,3803%
"[1억신화/4.9앵콜 아이크림] 단하루,1캡슐 사용만으로 달라지는 피부",뷰티,3789%
"[누적1억신화]후기로 검증된 신개념 ""여성청결제' 이너샤인, 냄새안녕!!",뷰티,3783%
요즘 제모 안하시는 분 있나요? 용기채 쓱쓱 10분! 털업 제모크림,뷰티,3776%
[특허 대상]모근까지 살아서 전달 하는 투과 기술로 탈모 관리 시작,뷰티,3773%
<5만 원대 갈바닉>으로 효과 못 본 좁은 피부까지 집중 케어하세요!,뷰티,3766%
[임상]온도 클로토볼 한 알로 72시간 수분잠금!탄력광채 64%상승까지!,뷰티,3751%
[100매 | 1만원대 | 대용량 하트패드] 가성비+가심비+품질까지!,뷰티,3733%
임상/특허 받은 EGF스피큘필링팩ㅣ 묵은각질을 벗겨 촉촉한 피부결 만들기,뷰티,3728%
"[8,640%앵콜]쓸수록 피부가 좋아지는 쿠션?! 임상&만족도 검증완료!",뷰티,3722%
"500,000ppm 병풀추출물이 들어간 화장품이 있다?!?!",뷰티,3720%
[임상]뜨거워진 두피 쿨다운~떡진머리와 이별하는<청정두피 플루스크럽>,뷰티,3720%
"염색/펌/드라이로 망한 내 머릿결, '3초'만에 지켜내는 법 #헤어앰플팩",뷰티,3710%
[특허원료/임상완료] 헤어.두피 연구소와 만든 #콩유산균 #탈모샴푸,뷰티,3708%
★2억신화★비누가 아닙니다! 피부인지 295종 미생물 국민클렌져 바이오볼,뷰티,3668%
"[10000%앵콜] 향수에 탈취를 더하다, 나만 알고 싶은 잔향깡패 향수",뷰티,3628%
"<각질흡착 두피팩>바르고 씻어내면 시작되는 청정두피, 스칼프 SOS팩",뷰티,3614%
[3억신화]더이상의 클렌저는없다! 피부인지295미생물 국민클렌저 바이오볼,뷰티,3613%
[5903%앵콜] 모공 속으로 들어가는 미세 갈고리패드,뷰티,3600%
클렌징과 스크럽을 한 번에! 블랙헤드 쏙-뽑는 찹쌀동동 스크럽 클렌징오일,뷰티,3595%
"샴푸바꾸고, 모발관리 받았냐네요. 17개임상으로 입증된 콩제비꽃 탈모샴푸",뷰티,3589%
"[저자극임상완료] 1번 바를 때마다, 3번 진정돼요. 트리플 카밍 앰플",뷰티,3587%
"자연스러운 샴푸향이 나는 향수! 등굣길,출근길,데일리 필수아이템 케라향수",뷰티,3569%
피지 삭제 모공 클리닝! 맡겨만 주세요 멀블리스 <모공청소부 가슬팩>,뷰티,3561%
속부터 환하게 밝혀드릴게요. 비건 브랜드 앱솔룹의 1초 즉각 톤업 크림,뷰티,3541%
화장품 원가 싹~다 공개할게요. 고품질 속살크림을 이 가격에!?,뷰티,3536%
174개의 미세침으로 진정성분을 피부 속까지!,뷰티,3533%
"[누적고객300만] 효과 없는 탈모케어 그만, 탈모센터가 만든 진짜앰플",뷰티,3528%
[5점만점/마지막앵콜] 갓성비 배쓰밤으로 떠나는 방구석 세계여행,뷰티,3524%
"""무슨향수 뿌렸냐구요? 전 발랐어요."" 바르는 향수로 더 깊어진 살냄새.",뷰티,3523%
"특허받은 오크라추출물51.8%! 마스크시대를 책임질 단하나의 크림, 무이",뷰티,3521%
"보이는 전후 변화! 모공 청소 평정하러 왔어요. 피지자석 클렌저, 녹즙이",뷰티,3517%
"[3.7억 메이커] 막걸리장인의 손이 고왔던이유, 갈락토미세스 아우라크림",뷰티,3512%
바디로션 다 버리세요. 샤워 중 바르고 씻으면 끝 #바디트리트먼트,뷰티,3505%
"[1억앵콜] 매일 쓰는 제품만 바꿔도 두피 건강부터 볼륨, 손상 모발케어",뷰티,3504%
"마스크팩 35장이 1통에? 모찌물광피부, 슬리핑팩 하나면 충분해요",뷰티,3502%
"각질 날리고, 수분은 채워 탱탱- 유리알 피부! 5만원대 제트필링기",뷰티,3501%
"[임상완료] 붓기 45.65% 완화, 얼굴에 뭐했냐고 자꾸 물어봐요",뷰티,3490%
여름휴가까지 딱 3개월! 다이어트윈 세트로 미리 휴가준비하세요!,뷰티,3482%
[1억] 샤워 한 번으로 스크럽부터 보습까지? ㅣ 곤약워시+바디트리트먼트,뷰티,3470%
[6억메이커] 광채나는 연예인 바디 결? 이젠 숯콜마로 바디까지 완벽하게,뷰티,3466%
[4.2억 메이커] 100번 발라도 안 뭉치는 '꼬마괴물' 마스카라,뷰티,3438%
[마약앰플]피부에 좋은 글루타치온. 자연에서 찾아 담은 앰플.,뷰티,3430%
[앵콜] 샴푸 유목민 인생템! 매일 80원으로 건강하게 두피케어하세요.,뷰티,3423%
[2 in 1] 여성청결제 & 천연향수ㅡ청결·향기·시간·여행,뷰티,3413%
촉촉! 하지만 끈적임은 NO! #진짜 속건조 잡는 3초 흡수 바디로션,뷰티,3400%
[바이오 UV선크림] 선크림을 애디팬더가 만들면 이런 작품이 나옵니다!,뷰티,3387%
[1.5억신화/NEW23호] 화장시간15분을1분으로 단축시켜 줄 늦잠크림,뷰티,3380%
미국 킥스타터 1위! 피부 코어탄력을 살리는 흑미발효 항산화앰플,뷰티,3379%
[1551% 앵콜] 죄송합니다. 이 비누 향수는 탈출구가 없습니다.,뷰티,3370%
"[평점5.0앵콜]나노줄기세포배양액 뉴스템크림, 영양진정보습 신의 한 수!",뷰티,3361%
[2110% 앵콜펀딩] 모공 쪼이는 그린치자 모공앰플,뷰티,3360%
[마음의 휴식] 복세편살 힐링이 이렇게 간편하다니? 휴향 무연 간편뜸,뷰티,3356%
"[평점4.7앵콜]코팩도 포기한 피지, 세수 하자마자 닦아주면 사라진다!",뷰티,3349%
에버랜드 장미 장인이 만든 바디 케어! 집에서도 장미 축제를 즐겨보세요!,뷰티,3349%
"[누적7천신화]후기로 검증된 신개념 ""여성청결제"" 이너샤인. 냄새안녕!!",뷰티,3347%
[5051%앵콜]패드한장으로 끝내는 모공 청소! 모공 끝판왕 그린토마토,뷰티,3330%
내 치아가 하얀게 아니라고? 본격 치아미백 프로젝트 [화이티 화이트닝겔],뷰티,3329%
쭈글쭈글 깜장목? 84일의 기적 [루트밀 넥스 브라이트 크림],뷰티,3324%
[평점 4.9점 앵콜!!] 내 헤어와 두피를 가꾸는 맞춤 샴푸 - 르셀르,뷰티,3313%
"[4억펀딩 l 앵콜] 모공 쏙, 수분 꽉! 소름끼치는 클렌저가 돌아왔어요",뷰티,3302%
4억신화ㅣ키노닉스가 제안하는 마르지않는 우윳빛 결광피부! #올인원크림토너,뷰티,3299%
[6000%앵콜] 치약 고민 끝! 진짜 중요한건 '잇몸'입니다.,뷰티,3285%
(미백앰플)일주일만 발라도 얼굴이 달라지는 줄기세포 배양액 미백앰플,뷰티,3283%
"[만족도5.0실화/앵콜] 상위1%성분종결, 기초구원템! 이데베논 고함량",뷰티,3276%
"4.9앵콜ㅣ미친리뷰! EGF스피큘이 모공뿌리까지, 각질 속 진짜 내 피부",뷰티,3276%
한 알로 초간편! 한 번에 딥클렌징! 보존제 없는 신개념 고체클렌저,뷰티,3270%
[1.9억 펀딩]플랑크톤크림 연구진의 두번째 프로젝트 #마린캡슐리프팅세럼,뷰티,3269%
"[등드름OUT] 50만 고객선택, 파넬미스트가 바디워시로 탄생했어요!",뷰티,3264%
[코스메쉐프] 오돌도돌 민감해? 오메가 영양소를 얼굴에 바른 결과!,뷰티,3253%
"마스크팩에 대한 깊은 고민, 셀프톡스 SELFTOX",뷰티,3241%
"[앵콜]남자만 아는 은밀한 비밀, 당신의 '거기'는 몇점인가요?",뷰티,3241%
"칼바람에도 미친 수분광을 자랑할게요, 수분광 76% 역대급 백조크림쿠션",뷰티,3241%
[4차앵콜] 유산균이 뭐길래? 피부 속 생태계를 유지할 수 있을까요?,뷰티,3231%
전성분 10개 모두 1등급 유효성분?ㅣPDRN 10만 부스터 1샷 앰플,뷰티,3231%
"[모공세정 98% 임상완료] 푹~불리고 싹~밀어내는, 신개념 모공목욕팩",뷰티,3229%
[굿바이 & 7차 앵콜] 죄송합니다. 이 비누 향수는 탈출구가 없습니다.,뷰티,3228%
"역대 최고 함량 마데카소사이드 세럼| 보습, 진정, 결케어까지 올킬!",뷰티,3226%
[실타래 클렌저] 1만개의 '마이크로 실타래'가 블랙헤드와 각질만 쏙!,뷰티,3208%
"[마지막앵콜ㅡ모공목욕팩] 붙이고 떼면, 불려진 피지와 블랙헤드 순삭!",뷰티,3204%
"[앵콜/기초구원템] 바쁜아침 하나로 - 상위1%성분, 고순도 이데베논",뷰티,3201%
"4.8점 앵콜 | 인생 향수를 물었는데, 스카이보틀 바디로션이라고 말했다",뷰티,3193%
[평점4.8] 올겨울 내내 피부 속 건강한 수분을 채워줄 홈에스테틱 크림,뷰티,3191%
[앵콜]바디로션 다 버리세요! 샤워 중 바르고 씻으면 끝 #바디트리트먼트,뷰티,3176%
후기: 과장이라 생각했는데 하루만에 효과가 나타났어요! <발각질 끝장템>,뷰티,3174%
"[남자 필독] 남자의 OO이 시원해지는 최초의 바디워시, 블랙웨일",뷰티,3172%
<연예인들의 헤어스프레이>쓰면 쓸수록 모발이 좋아지는 헤어스프레이?,뷰티,3164%
"[등드름 종결] 찐 여드름 해결템, 바하 1.8% 바디워시",뷰티,3157%
4만원대 LED 디바이스&이중기능성 유산균 앰플의 가성비 꿀조합!,뷰티,3140%
[늦잠크림#2] 원래 하얀 피부인 척! 1분이면 환하고 촉촉한 수분톤업,뷰티,3135%
"[슬릭고릴라] 유럽을 강타한 헤어왁스, 끈적임 X ! 톡톡 털어 셋팅하자",뷰티,3129%
"[앵콜] 샴푸 5병=1샴푸바! 무더위를 날릴 에어컨 샴푸 ""화해 샴푸바""",뷰티,3128%
[1억신화] 28일 후 깨끗한 바디피부로 변화! 늦기전에 시카 바디미스트,뷰티,3123%
[ 손톱 호강/5천원 ] 큐티클 순삭은 기본이죠! 유향미르 네일 에센스,뷰티,3118%
[1억펀딩브러쉬]잡고 말고 휘리릭! 단 3초만에 완성되는 핑크빛 롤링,뷰티,3103%
[역대급후기] 승무원템! 악취도 팬티라이너도 탈출하는 여성남성 청결제,뷰티,3102%
[올로아36 푸코잔틴 항산화 앰플] 바다의 에너지를 담은 항산화 앰플,뷰티,3101%
[4.9 앵콜] 민망한 허-연각질에 찰싹! 매끈보들 우유목욕 '밀키바',뷰티,3100%
[앵콜평점종결]깨죽크림2.0 하나로 / 2주만에 잡티가 엷어져(사진첨부),뷰티,3099%
"[입소문후기] 97% 발효농축 대용량! ""미백앰플, 이제 아껴쓰지마요.""",뷰티,3096%
[비건인증콜라겐] 매일 한 방울. 탄탄한 피부를 위한 처방,뷰티,3095%
"[누적1억신화]후기로 검증된 신개념 ""여성청결제"" 이너샤인. 냄새안녕!!",뷰티,3095%
[1.4억 앵콜] 속부터 꽉 채운 탄력! 뽀얀 물광피부 꼭 만들어드릴게요,뷰티,3094%
"[벨라랩] 엄마가 딸에게 보내는 여성청결제, 락토벨라S 지고지순",뷰티,3088%
"블랙헤드OUT 피부결 GET, 무슨 이런 클렌저가 다있어요?<반반클렌저>",뷰티,3083%
"""바르는 비타민D는 처음이지?"" 휴비타D 특허기술로 만든 신개념 화장품",뷰티,3081%
"[5.0앵콜] 임상완료 모공작살 삼지창 패드로 각질, 피지, 모공 OUT",뷰티,3074%
[5.0 앵콜] 식물엑소좀의 파워! 함께 바를수록 커지는 '시너지 케어',뷰티,3072%
"촉촉한 화이트데이 종결템, 색콤달콤 유기농 복숭아 96.4% 마사지젤",뷰티,3069%
[마지막앵콜] 각질과 블랙헤드를 제거하는 놀라운 딥클렌징 효소,뷰티,3065%
[리뉴얼 앵콜/평점종결] 바쁜아침 하나로-고순도 이데베논 #깨죽크림2.0,뷰티,3050%
"[프리미엄 LED마스크가 이가격?] 15년 노하우의 명작, 스킨블랑",뷰티,3043%
[여왕앰플] 초록앰플이 피부로 고통받는 백성을 구한다,뷰티,3031%
"[1억펀딩, 마지막앵콜] 쌩얼에 발라도 얼굴이 환해져요.꾸안꾸 비건 립밤",뷰티,3031%
[쌀결크림] 200여분의 체험단이 극찬한 고속흡수 결개선 크림+에센스,뷰티,3019%
[500% 흡수율 UP!] 앰플 자동 분사되는 3세대 MTS로 탈바꿈!,뷰티,3018%
아직도 억지로 선크림 바르세요? 피부도 마음도 착해지는 신개념 선스킨케어,뷰티,3013%
"줄기세포 샴푸 ""트라이잇"" 잠자던 모근을 깨우다. 모근부터 모발관리까지!",뷰티,3004%
"[5.0앵콜, 임상5개]'진짜' 여드름 기능성 클렌저 I 항균검사 완료!",뷰티,2990%
[앵콜평점5.0] 헤어샵 클리닉을 집으로 가져왔어요 #두스 트리트먼트,뷰티,2975%
[앵콜 늦잠크림] 화장시간 15분을 1분으로 단축시켜 줄 듀얼앰플커버크림,뷰티,2952%
[인생치약] '숯'가루 미백치약 이를 희게 하는 놀라운 방법을 제공합니다,뷰티,2951%
미백 화장품 쓴다고 기미가 좋아질까? 진짜 기미 잡는 속기미-컷 크림!!,뷰티,2949%
[클린 비건] 자연 발효 KOMBUCHA의 피부 에너지 채움,뷰티,2948%
[1억 펀딩/6차 앵콜] 죄송합니다. 이 비누 향수는 탈출구가 없습니다.,뷰티,2945%
[신개념여성청결제] Y존 냄새습기먹는 하마. 이너샤인을 소개합니다.,뷰티,2935%
[엄마가 된 화장품 연구원] 유럽 인증 유기농 원료 베이비 워시 & 로션,뷰티,2934%
딱 1g만으로 마스크팩 50장의 효과? 3중 수분막 <수분 방탄팩>,뷰티,2920%
[찐SPF50+]노세범 아닌가요?? 쓱-하면 보송! 똑부러지는 선스틱,뷰티,2913%
아직도 겉면에만 바르나요? 효과적인 탈모관리! 마이크로니들의 진화,뷰티,2900%
"★6000%달성 앵콜★ 향수와 탈취를 동시에! 올인원향수, 매쉬 수트퍼퓸",뷰티,2892%
2482%달성 [MBTI 향수 2차] 당신의 매력이 완벽해지는 마법,뷰티,2890%
[3900원]쓰면 쓸수록 내 손을 아름답게 만들어주는 향기로운 핸드퓨어,뷰티,2885%
온천 여행하러 떠나지 않아도 집에서 나만을 위한 바디케어 바이오 입욕제!,뷰티,2877%
[펀딩만 해도 본품 선물]모공속에 미생물을 채우세요 | 모공 사수 세럼,뷰티,2870%
[4.9점 앵콜] 이렇게 완벽한 티트리 제품을 본 적 있나요?,뷰티,2866%
누구나 속눈썹 연장 전문가처럼,뷰티,2865%
이 세상 단 하나의 프리미엄 보이차 에센스 [타임리스 브라운 에센스],뷰티,2863%
손으로 코파지 말라고. 한방에 콧 속을 촉촉 쾌적하게! #코팡,뷰티,2849%
선크림을 발랐는데 쿨링감이?! [타나카 선블록],뷰티,2840%
시트팩 65장을 한통에 담았어요ㅣ포시즌스호텔에 입점한 특급 한방수면팩,뷰티,2838%
"<앵콜>얼마나 좋길래? 만족도 5.0ㅣ 48시간 보습력, 겉쫀속촉 세럼",뷰티,2835%
"만점앵콜,후기:과장이라 생각했는데 하루만에 효과 나타났어요! 발각질끝장템",뷰티,2832%
[3.7억 신화/5천명의 서포터] 아임뮤트 립스틱 [1+1],뷰티,2831%
[30초만 투자하세요] 눈썹색이 얼굴톤을 바꾼다. 간편한 눈썹 염색,뷰티,2817%
[보습의끝] 바세린으로도 부족하다면 신생아부터 노인까지 이 제품 쓰세요!,뷰티,2815%
"스크럽과 보습을 한번에! 10년묵은 발각질, 굳은살 매끈하게! 아기발스틱",뷰티,2808%
[5.0앵콜] 갓성비! 가루?오일?폼? 한알로 다 가능한 만능 클렌저,뷰티,2806%
[임상완료] 라면 먹고 자도 괜찮아! 다음날 아침이 걱정없는 미스트!,뷰티,2804%
무려 18종 임상으로 4주만에 다크써클/주름 효과 체감ㅣ루테인 주름크림,뷰티,2796%
말랑쫀~득 점토섀도우 플럼핑 립키트로 5분 퀵 봄 여신 메이크업 완성,뷰티,2791%
"여기가 바로 탱탱정보통 탄력 맛집! [보르피린 97,000ppm] 멀티밤",뷰티,2790%
"찰스바버샵,생활의 달인이 인정한 한국 남자 헤어 커트",뷰티,2787%
지금의 모발을지키세요. 전 세계에서 모발을 자라게 하는 샴푸는 없습니다.,뷰티,2787%
"향수(香水), 어느 소설속의 이야기. 가르니르",뷰티,2785%
"[1,249%앵콜] 두피를 언제까지 방치하실껀가요?",뷰티,2784%
세상에서 가장 쉬운 저자극 딥클렌징 두피케어! 스칼프본 샴푸브러쉬,뷰티,2782%
[5.0점 앵콜]아무도몰라 <투명팩>아침부터 잘때까지 무한충전 무한대팩,뷰티,2780%
"[6억메이커] 진짜 하얘지는 피부, 멜라7로 기미잡티 싹- 피부톤업해요!",뷰티,2755%
당겨요? 긁어요? 빨개요? 스킨시그널!,뷰티,2745%
"자석으로 찰싹붙여 끌어올린 속눈썹, 하루종일 롱&컬링UP <마그넷 카라>",뷰티,2731%
"[보르피린앰플395,000ppm] 완벽한 결과 톤의 비밀, 쿠션의 진화!",뷰티,2731%
퍼퓸계의 미슐랭 3-STAR. 죽기 전에 발라봐야 할 바디로션이 탄생했다,뷰티,2724%
[피부에 피부를 바르다]#인지질크림-29%팩폭-놀라운후기-극강명품알더마,뷰티,2723%
이가격에 나올 향수가 아닌데,뷰티,2722%
[로얄슬릭] 전세계 남자들의 생활필수품 가루왁스 드디어 국내 출시,뷰티,2721%
힘없는 내 근육에 텐션을 완성하다. [특허청 실용신안등록 애니바로],뷰티,2720%
[7318%앵콜] 발효성분의 힘 | #블러 피부 #피부결 종결 크림,뷰티,2719%
"[5849%앵콜]단 15일, 내 피부가 변하는 시간 미백+고보습+진정케어",뷰티,2718%
[탈모완화기능성] MTS로 유효성분 DEEP 전달!두피열관리까지 한번에!,뷰티,2718%
<피부관리맛집>귀찮게 피부샵 왜 가!? 딱!7일간! 역대급 클렌저&갈바닉,뷰티,2717%
[ 모공 임상만 23개 ] 묵은 노폐물 청소템! 더메디닥터 쉴드 세안패드,뷰티,2714%
"[수만개 후기로 검증완료] 단, 10일간만 최대 혜택가! 마지막 앵콜펀딩",뷰티,2711%
[3차앵콜 5.0만점 ]서포터가 효과를 인정한 홈에스테틱 마스크팩 키톡스,뷰티,2708%
[케라시스 퍼퓸 향수]누구나 한 번 쯤 갖고 싶던 바로 그 향수!,뷰티,2699%
[임상완료] 블루빛 바다에서 태어난 옐로우 크림 / 보습 진정케어,뷰티,2698%
[평점 4.8 앵콜] 향기로 사랑을 만드는 방법 - 바네사 페로몬 향수,뷰티,2694%
"<사타구니만 냉탕에> -5도 즉각 쿨링, 땀차고 습한 사타구니 구원템",뷰티,2693%
[1914% 앵콜]후기로 입증된 저분자 히알루론산20000ppm의 흡수력,뷰티,2682%
"[평균99.7% 만족] 48시간 보습 지속, 바르고 민낯 자신감 300%",뷰티,2679%
[앵콜/평점4.7] 진정 세럼한병 몽땅넣어 마스크팩을 만들었어요,뷰티,2664%
특별한 내일을 위한 오늘밤 특별한 관리 'Etete 에스테틱 스쿨',뷰티,2662%
[샘플 테스트 116회] 노니의 생기에너지를 그대로 담았습니다.,뷰티,2659%
[마지막 앵콜] 보석 괄사 마사지 6종! 오늘도 붓기OO찾고 있나요?,뷰티,2657%
[앵콜요청] 두피를 깨끗하고 튼튼하게! 흑당고두피고체팩,뷰티,2656%
[앵콜]양치만으로 치아를 깎지않고 더 하얗게 쭉~유지하세요!! 블링2치약,뷰티,2652%
"[4.9앵콜] 끈적임 없는 3초 흡수, 손관리가 필요할 땐 고운손크림",뷰티,2651%
꼭 성분과 함량으로 확인하세요. 극강 보습과 탄력 진정한 올인원 아이크림,뷰티,2645%
세상에서 제일 쉬운 1일 2팩! 9분이면 충분한 [페어페리 마스크팩],뷰티,2644%
[4.8앵콜] 머리에 실리콘 왜 바르세요?! #창포에센스 #업력65년,뷰티,2643%
[헤어오일 정착템] 끈적임 제로 100% 식물성분의 실리콘 프리 헤어오일,뷰티,2624%
[14590%앵콜] 찬바람 끄덕없는 평점5.0! 깊은보습 찐미백 장벽크림,뷰티,2621%
[올 여름 잇템] 쿨링감까지 화~끈하게 잡은 만능 두피케어 고추샴푸!,뷰티,2619%
[수아담 누팡]아직도 성분표 찾으세요? 내 눈으로 확인이 되는데,뷰티,2612%
[국내최초개발] 귀찮러들을 위한 세상에서 제일 간편한 1일2팩,뷰티,2610%
[1.6억] 만점 받고 앵콜로 돌아온 내 피부 찰떡 궁합 홈에스테틱 앰플,뷰티,2610%
"[1만원대] 입술에 닿는 순간, 가을! #매트립 #무광 #기능성",뷰티,2608%
"[앵콜/만족도4.9] 후기로 검증된""아픈만큼 예뻐져."" 대용량 스피큘크림",뷰티,2603%
[누적2억] 각질과 블랙헤드를 자극없이 제거하는 효소클렌저,뷰티,2601%
각종 피지 각질 솜털까지 제거 후 매끈피부ㅣ0.04mm 초밀착 쏙쏙패치,뷰티,2595%
"[2731%앵콜]완벽한 결과 톤의 비밀, 보르피린앰플395,000ppm",뷰티,2592%
"3차 앵콜 | 누적 13,379% 펀딩 | 2,301명이 선택한 #알리플",뷰티,2588%
"[2.5억/6차 앵콜] 단 7일 펀딩, 메이크업 9종 #크리스마스 에디션",뷰티,2576%
[2주/모공37%개선] 8중 수분구조 수영장앰플,뷰티,2573%
"[임상완료 탈모샴푸] 이제, 진짜 효과있는 샴푸를 만나보실 시간입니다.",뷰티,2569%
"[마지막앵콜] 속탄력 꽉- 채워 목주름,잔주름 펴주는 쫀쫀탱탱 판테놀앰플",뷰티,2566%
[3.7억 신화/5천명의 서포터] 왜 안 예뻐? 4일치 섀도우,뷰티,2560%
만족도4.8앵콜]발각질제거제 캘러스필미스트 3종세트-뉴 풋크림 세트 출시,뷰티,2551%
14일 후 피부변화! #레드미스트로 꿀바디 피부 준비완료!,뷰티,2551%
[4억숯카마] 한번 세안으로 모공부피 96%감소! 결 86%개선 임상증명,뷰티,2551%
"[5.0점앵콜!] 향+가격+품질+레이어링, 모든 것을 만족시킬 진짜향수.",뷰티,2543%
[1.2억 앵콜]꽉 막힌 모공 피지 청소! 더 좋아진 그린토마토 패드,뷰티,2542%
[독일판매량1위] 온몸이 녹아내리는 #마약입욕제 #중독주의,뷰티,2540%
[20년간의 연구] 피부 변화의 시작 퍼펙트 유황비누,뷰티,2517%
"[앵콜]""신개념여성청결제"" Y존 냄새,습기먹는 하마. 이너샤인",뷰티,2516%
물이 다른 앰플 에센스 [무:을 58 앰플 에센스],뷰티,2514%
"[분코] 하루에 12번 샤워하고 싶어진다는 마성의 바디워시, 바디로션",뷰티,2510%
향기로 사랑을 만드는 방법. 바네사 페로몬향수,뷰티,2508%
"[앵콜] 검게 탄 피부, 기미, 주근깨 3단계 미백 프로세스로 OUT!",뷰티,2504%
[5.0마지막앵콜]오지헌부부도 극찬한 유앤아이솝. 갓후기 안보면 후회해요,뷰티,2503%
[2723% 앵콜-피부에 피부를 바르다]#인지질29%-놀라운후기-극강명품,뷰티,2500%
"[마지막앵콜,패드만3억] 모공부터 각질까지 올인원패드 1장이면 관리 끝!",뷰티,2498%
"[5.0앵콜] 더운 여름, 1초 톤업과 미백을 한번에 | 톤 튜닝 크림",뷰티,2490%
"인체지방세포배양액추출물 앰플! 보습,탄력,미백,주름까지 모두 개선!",뷰티,2487%
[역대급후기 앵콜] 악취도 팬티 라이너도 끝! 여성남성 2초 청결제,뷰티,2483%
[5616% 앵콜] 임상10종과 특허2종! 잡티지옥&왕모공 탈출 인생앰플,뷰티,2482%
[MBTI 향수] 당신의 매력을 더욱 완벽하게 만들어주는 마법 같은 향수,뷰티,2482%
<한 통 9750원> 미친 가성비 바디크림이 전신 '미백 기능성'까지!,뷰티,2477%
"샤워했는데 향수 뭐 쓰냐고 자꾸 물어봐요, 145년 향수가문의 바디워시",뷰티,2470%
매일 아침 상처받는 남자들을 위한 쉐이빙 혁명템,뷰티,2467%
[특허출원] 펩타이드 100배 차이? 다크닝&주름잡는 진짜 아이크림,뷰티,2467%
[평점 4.7] 12년 속눈썹전문가가 만든 특허성분 찐!속눈썹영양제,뷰티,2459%
[6중 임상] 바르는 순간 중력을 거부합니다. 탱탱 탄력 중력거부 크림,뷰티,2459%
[앵콜] 바디로션 다 버리세요! 샤워중 바르고 씻으면 끝 #바디트리트먼트,뷰티,2458%
[홈케어.혁명!] 얼굴을 요가하다,뷰티,2457%
"임상시험완료 l 2분샤워로 피지, 모공까지 관리되는 #올클렌징바",뷰티,2455%
앰플이라고 다 같나요?ㅣ피부장벽까지 깊숙히 놀라운 흡수율 feat.EP,뷰티,2455%
우리집이 고급 스파가 된다?샤워부터 족욕까지 [이스라엘 사해소금 클렌저],뷰티,2451%
"[아기피부 비법] 슈퍼푸드 햄프씨드로, 각질/피지/보습까지! 한번에 끝.",뷰티,2443%
향이 미쳤다! 스파에 있는 기분! 제로웨이스트 ECOCEPT 핸드워시,뷰티,2437%
6억신화 여름철 탄 피부를 하얗게!,뷰티,2436%
"""피부장벽개선"" 임상입증!! 피부고민 더 이상 손대지 말고 찌르세요!",뷰티,2436%
"말이 돼? [방부제0% 정제수0%] 순수비타민C36.5% 미백,잡티 앰플",뷰티,2433%
압도적인 유효성분!<줄기세포배양액 추출물>을 담은 진짜 탈모샴푸,뷰티,2430%
[헤어사이클 프로젝트] 망가진 모발사이클을 위한 바다속 재생에너지 소환,뷰티,2426%
[4.9앵콜] 바르자마자 수분광이 챠르르~ 탄력쫙! 올린 '미백물광크림',뷰티,2426%
[평점4.8/앵콜5차] 하나만 발라도 꿀피부 완성~남성 올인원 종결템,뷰티,2422%
[95% 전성분 1등급] 지금까지 이런 선크림 없었다! 민감성 선크림,뷰티,2421%
"[신박템] 지친 피부에만 반응하는 수분크림, 처음일걸요?",뷰티,2421%
누적 1억 신화! 퍼퓸계의 미슐랭 바디로션. 여름에 더 향기로워야 하니까,뷰티,2414%
[4125% 앵콜] 모공1/200크기! 나노입자 절대흡수! 미백/주름케어,뷰티,2413%
[3분각질제거] 샤워만해도 세신받은 효과! 가마솥으로 빚어낸 때때 가마솝,뷰티,2411%
"[5점,마지막 앵콜] 비듬, 각질, 두피열 종결!두피신세계 <플루스크럽>",뷰티,2410%
남자공학적 빗고데기! 빗과 판이 만난 기적! 초간단 훈남헤어 완성!,뷰티,2409%
"<강남 엄마들의 선택> 어린이 피부에 딱 맞춘 선크림, 쿠션으로 탄생",뷰티,2406%
[4.9점 앵콜] 수분앰플 얼마나 좋길래? 모공/결/톤 개선 #미선이앰플,뷰티,2401%
228원으로 피부관리 시작하세요! 피부관리실에서 추천하는 약산성 클렌징젤,뷰티,2397%
"에스테틱 성분을 그대로 담아, 톤은 밝히고 주름은 탱탱하게 #연어앰플",뷰티,2391%
[컴백] 만져볼래? 한번 손대면 멈출 수 없는 부드러움! 르누부 바디케어,뷰티,2385%
[쏙오프 없는 젤네일이 있다면?]네일계의 이단아 신개념 젤폴리시 젤로젤로,뷰티,2380%
[1000분 지속] 민감이들도 하루 종일 만족할 수 있다고? #알란토시카,뷰티,2375%
[추석전안심배송]만족도 만점으로 앵콜펀딩! 안티에이징 #마린캡슐리프팅세럼,뷰티,2371%
지나가던 사람이 돌아봐도 놀라지 마세요,뷰티,2369%
"[더마코스메틱1위] 진정/보습 끝판왕크림, 드디어 온라인 출시 파격혜택!",뷰티,2369%
"[4.7 마지막앵콜]코팩도 포기한 피지, 세수하자마자 닦아주면 사라진다!",뷰티,2368%
[발각질 걱정 끝] 바레도 10초 풋세럼으로 당당한 두 발을 선물해봐요!,뷰티,2367%
"[다운펌, 매직펌 집에서하자!] 생활의 달인이 만든 혁신적인 남자헤어기기",뷰티,2365%
"탈모관리, 두피때청소는 하셨나요? 모발을 남기는 두피케어의 시작 효소샴푸",뷰티,2353%
[마지막앵콜/5.0] #8층미스트 #8층세럼으로 더 강력하게 돌아왔어요!,뷰티,2347%
[임상완료] 지친 내 피부에 쓰담쓰담ㅡ 피부 컨디션 집중 케어 #쓰담앰플,뷰티,2344%
"4.9앵콜/임상시험 l 2분 샤워로 피지,모공까지 관리되는 #올클렌징바",뷰티,2337%
이 정도면 토너가 아닌 에센스? 어성초 90% 물타지 않은 찐토너!,뷰티,2337%
극손상모에도 즉각반응한 부드러움ㅣ헤어샵 클리닉을 집으로 가져왔어요#두스,뷰티,2335%
"남자만 아는 은밀한 비밀, 당신의 '거기'는 몇점인가요?",뷰티,2333%
[평점4.8/마지막앵콜] 하나만 발라도 꿀피부 완성~ 남성 올인원 에센스,뷰티,2331%
100만원짜리 피부관리가 3만원대에 가능하다?,뷰티,2330%
토너 하나로 피부가 완벽해질 수 있다는 것을 증명할게요. | 키토 스킨팩,뷰티,2329%
더 쉽고 간편한 내 몸 관리 [밀시리즈],뷰티,2326%
선 강력흡착 후 모공수렴ㅣ뽀글뽀글 올라오는 거품이 모공까지 씻어줄거에요,뷰티,2320%
괄사와 갈바닉의 결합 #괄사닉ㅣ피부 탄력은 물론 흡수까지 생각했어요,뷰티,2313%
손으로 짜지 마세요! 꼭꼭 누르면 OK~ 갑자기 난 피부고민엔 #제트패치,뷰티,2309%
올인원클렌징솝바 I 블랙헤드&피지 녹이는 촉촉세안! 비누만 30년<효창>,뷰티,2309%
1억펀딩 / 평점4.6앵콜 l 특허성분2배 업그레이드 #닥터시드부스터,뷰티,2305%
이것은 선크림인가 CC크림인가. 날도 더운데 하나로 끝내자![피네선CC],뷰티,2304%
개기름 좔좔 새까만 모공! 늘어난 피부를 케어해줄 궁극의 모공관리 아이템,뷰티,2302%
‘한 번’만 하자! 티 안나는 그 남자의 비밀 [넌센스 커버로션],뷰티,2300%
"[앵콜/평점종결] 바쁜아침 하나로-상위1%성분, 98.5%고순도 이데베논",뷰티,2297%
궁금해? 궁금하면 사보던가! 당신의 진짜 #인생향수 [퓨아 오 드 퍼퓸],뷰티,2294%
6중히알루론산 함유! 속촉겉광 무결점 피부완성 #유니콘광채쿠션,뷰티,2292%
"[특허받은 피부관리시스템]클렌징, 스킨, 로션, 크림, 팩까지 다드려요!",뷰티,2289%
[앵앵콜] 사막같은 머릿결로 뒷태미인 노려볼거야? 바르고 말리면 찰랑!,뷰티,2283%
[마지막까지 깨끗한 오하다 식염패드]오염된 패드로 얼굴 닦지 마세요!,뷰티,2280%
[임상완료] 에스테틱 다녀온듯 최상의 피부컨디션 #히어로크림,뷰티,2279%
[임상완료] 탈락모발 증상 71% 완화! 올리패스로 탈모 제대로 타게팅-,뷰티,2277%
임상확인| 닦아내기만 했는데 모공개선 95%? 무자극 클렌징패드,뷰티,2273%
[숨바꼭지] 제3의 눈 -꼭지's를 가려줄 <여름철 필수템>,뷰티,2271%
화장솜은 원래 흰색이 아니다? 무표백 순면 [바른화장솜],뷰티,2271%
바르는 헤어 영양제 케라틴키퍼® 손상보호와 스타일링까지 되는 '철벽템',뷰티,2268%
"[임상]리프팅개선율 20.15%! 13배 항산화, 안티에이징 에센스",뷰티,2268%
선스틱만 바르고 바로 화장할 수 있다면? #남녀공용 #쓱싹선스틱,뷰티,2267%
"[3.7억 메이커] 세상에서 제일 예쁜 온도, '걸리 세럼 쿠션'",뷰티,2258%
후기확인필수! 오래가고 은은한 머스크 섬유향수를 원한다면 <하루의시간>,뷰티,2255%
내 두피/모발 맞춤샴푸 : 마이샴푸,뷰티,2249%
28일후 확실하게 달라집니다. 손상된 피부를 개선하는 기능성 DNA앰플,뷰티,2249%
"머리부터 발끝까지, 매일 경험하는 아로마테라피 l 보우앤애로우 올인원워시",뷰티,2244%
[국내최대 아파타이트] 흡연자 금연자 모두 주목!!,뷰티,2244%
"[앵콜] 샴푸 5병=1샴푸바! 실리콘을 뺀 프리미엄 샴푸 ""더블 포레스트",뷰티,2244%
웜톤? 쿨톤? 모든 립스틱을 착-붙시킬 1만원대 #베이스립스틱,뷰티,2243%
이가격에 나올 향수가 아닌데,뷰티,2242%
[평점4.8] 사전테스터 10명중 9명이 지인에게 추천한다는 후기증명크림,뷰티,2241%
"민감성 피부 솔루션, 당신을 위한 남태평양 타마누",뷰티,2234%
[속지마세요]핵심성분 하나로? 어림없지! 사각지대 없는 완벽한 샴푸바,뷰티,2233%
앰플을 듬뿍 발라도 이 가격에 가능? 모르면 가질 수 없는 '진짜 수분',뷰티,2229%
[4.8점/앵콜] 모공 노폐물 푹~불려서 싹~밀어내요! 초개운 모공목욕팩,뷰티,2229%
[mash] 이거 하나면 향수 끝! 매쉬 수트퍼퓸,뷰티,2222%
[초미세먼지 95%세정] 고보습크림을 바른 듯 촉촉한 참마 밀크 클렌저,뷰티,2219%
[비교불가 제주산100% 어성초 에센스] 항산화+진정+피부결개선까지 올킬,뷰티,2218%
[쉿! 연예인끼리 소문내는 에스테틱 스킨포레] 데일리 피부보호겔 출시!,뷰티,2216%
[앵콜]평점 4.7 검은 목주름케어 무조건 해야하는 이유~ 루트밀,뷰티,2213%
[캔에 담긴 핸드워시] 재활용까지 편리한 프리미엄 비건 핸드워시,뷰티,2212%
"나의 피부고민, 고심끝에 만든 착한성분의 비건(Vegan)화장품!",뷰티,2210%
[5억 l 마지막앵콜]모공&수분 임상특허21개!아직 샤르드 안써보셨어요?,뷰티,2206%
[5.0 앵콜]샤워 한 번에 발각질 끝! 발각질 끝장템 일라이트 풋비누,뷰티,2206%
"30일 간 엄마와 딸의 이름으로 떠나는, 아침/저녁 집중 케어 피부 여행",뷰티,2205%
"[임상완료] 미백, 주름개선, 기초화장을 단 하나의 바이오미스트로!",뷰티,2204%
[1억 신화 / 4.9앵콜 클렌징폼] 세수만 했는데?!,뷰티,2199%
[긴급앵콜]린스없이 이 머릿결 실화? 머리부터 발끝까지 올인원 뷰가닉바,뷰티,2195%
"[앵콜] 눈썹펌으로 한달에 한번, 인상을 바꿔보세요. 간편한 눈썹 관리",뷰티,2193%
"0.1%, 그러나 모든 것!",뷰티,2189%
[리클레어] 피부에 쫀쫀하게 붙는 이온 더블케어 자동 미스트!,뷰티,2188%
[24시간보습]아기피부 이제 긁지 않아요. 검증된 비건더마 무자극 꿀피부,뷰티,2183%
[4주 완성 피부] 리얼 녹차를 그대로 담은 저자극 '피부 리셋' 토너,뷰티,2182%
[뷰티]미세전류 마스크팩세트 (미백/주름 이중 기능성),뷰티,2178%
[한정앵콜] 당신이 정착할 마지막 선크림_ 선티크 아임세이프,뷰티,2177%
"※남성분들 필독※ 진정한 남자의 바디워시, 슈퍼 하드 올인원 [맥스타크]",뷰티,2177%
"[발각질제거] 미뤘던 발관리, 끈적임 없는 바레도 크림으로 시작하세요",뷰티,2176%
"NO 번들 YES 수분 #아이스 앰플, 수분폭탄 속으로 풍덩 빠져보세요!",뷰티,2174%
[앵콜]희석하지 않은 순수 단일성분포뮬러 제주가 키운 브로콜리,뷰티,2172%
딱 한번만 바르면 모공 23% 개선? 임상으로 증명한 모공수축크림!,뷰티,2168%
[순수비타민C 20%] 물타지 않은 고농축 비타민크림으로 미백+주름개선,뷰티,2166%
[평점4.7앵콜!!] 태양을 피하는 방법 feat. 컴플리트5 올인원!,뷰티,2165%
"[1억앵콜] 서포터님 후기로 더 강력하게 리뉴얼 된, 수분 미백 진정크림",뷰티,2164%
(비건립밤) 립밤 어디갔지? #휴대간편 클립용기 #천연보습 촉촉진정 립밤,뷰티,2162%
[임상완료]특허받은 꽃성분 탈모완화 샴푸 우리꽃연구소X FARMFLEUR,뷰티,2162%
[탈모샴푸] 얼굴모공만 관리하세요? 두피모공은요? #거품샴푸,뷰티,2162%
[1.5억앵콜]악취부터 깊은 고민까지 니치향수 시크릿존 청결제 1방울로!,뷰티,2157%
[임상5종/특허2개] 기미 잡티 결 2주 개선 프로젝트 #토닝앰플,뷰티,2155%
14년차 아모000픽 출신 개발자의 나의 민낯 백서 by 그란디디에,뷰티,2153%
"[누적2.4억]선크림 맞나요? 흡수 쏙, 수분 팡! 가벼운 비건 선세럼",뷰티,2152%
"[후기폭주/6만개 판매] 자몽 덕후가 만든 ""리얼 자몽"" 퍼퓸 핸드크림",뷰티,2147%
[1.5억앵콜] 속탄력 꽉- 잡고 겉탄력 쫙-올려주는 3초흡수 판테놀앰플,뷰티,2139%
[신개념] 이스라엘 사해겔 와디즈 상륙ㅣ물방울이 송글송글 수분진정 완벽,뷰티,2139%
[마지막앵콜/4.8] 무결점 모공 비밀은 자극관리부터 #청정모공 에센스,뷰티,2138%
"[피부전달연구소가 만든 에센스]피부심층까지 딜리버리, 항산화 원정대 모집",뷰티,2137%
"모공관리부터 수분충전까지, 폼클렌징 하나로 끝! [줄기세포 클렌징폼]",뷰티,2133%
[탈모완화 헤어토닉] 천만 유목민을 위해 머리가 빠지도록 개발했습니다.,뷰티,2131%
[ 2073% 앵콜 ]유산균으로 피부장벽도 지키는 클렌징! 들어보셨나요?,뷰티,2129%
씻어내지 않아 더욱 효과적인 트리트먼트 <찰랑이지>,뷰티,2126%
특허원료 퓨리톡스 25만ppm 함유 - 미세먼지 [흡착] 클렌저의 탄생!,뷰티,2125%
"2021년엔 내 피부에 맞춤형으로, young원한 피부 자신감!",뷰티,2125%
[임상완료] 건조+각질+장벽+진정+가려움 해결 #아토페론,뷰티,2124%
"[2차 앵콜] 향+가격+품질+레이어링, 모든 것을 만족시킨 ""진짜향수""",뷰티,2123%
"[고급 바디스프레이] 나만 알고싶은 향기를 입다, 칙칙-",뷰티,2120%
"앵콜/만족도5.0ㅣ수분앰플 얼마나 좋길래? 모공, 결, 톤이 개선됐어요!",뷰티,2119%
[인체제대혈유래줄기세포배양액] 트리플배양액으로 확인하는 28일의 피부변화,뷰티,2116%
당신이 잠든 사이 입술에 내린 이슬. 리얼생꿀이 들어간 립슬리핑밤,뷰티,2113%
더위에 메말라버린 내피부! 이제 수분을 끌어당겨올 때 !,뷰티,2111%
"그린치자™, 모공 쪼이는 앰플!",뷰티,2110%
"[3분 붓기관리] 진짜 압이 미쳤다. 극강의 손맛, 미친 괄사 마사지",뷰티,2109%
[3.5억/5천명의서포터]건강한 눈을 위한 라인괴물,뷰티,2107%
"끈끈한 선크림, 답답한 파데 이제 안녕! 피부가 숨쉬는 [비건 선쿠션]",뷰티,2103%
"우주효능앰플 270,000ppmㅣ줄기세포배양액+순수비타민C가 만났다!",뷰티,2101%
마스크/습기에 무너지는 화장 짜증나죠? 메이크업 고정과 미스트를 한번에!,뷰티,2099%
당신만을 위한 프리미엄 니치향수 I 알고리즘으로 맞춤향기를 찾아드릴게요,뷰티,2098%
지중해/북유럽 숲속에서 탈모관리 받고 왔어요 |수석조향사의 17만개의향,뷰티,2097%
"[앵콜기념 추가혜택] 화끈화끈한 바디에 사과하세요. ""애플 바디바""",뷰티,2094%
[임상완료] 바르는 단백질! 61배 흡수 크림&토너로 꿀광탱탱 피부완성!,뷰티,2094%
"[누적펀딩8000%]밝아지자 맑아지자, 끈적임 없는 핑크광채 필터크림",뷰티,2090%
[향수를 바르다] 더 이상 뿌리지 마세요. 누구에게나 향기로운 고체 향수,뷰티,2088%
아직도 안 써봄? 대세는 안전한 고체샴푸! 더비건글로우 비건 고체샴푸바,뷰티,2086%
그 날의 감정에 맞는 향수를 선보입니다ㅣ향기를 통해 위로 받아보실래요?,뷰티,2085%
[14056%앵콜]임상 5가지! 눈가/팔자/목주름 밀착관리 주름스틱,뷰티,2085%
[모델들의 헤어 에센스] 무실리콘 단백질 폭탄 논워시 헤어 에센스,뷰티,2082%
[Y존 퍼퓸청결제] 니치향수 머금고 속살까지 향기롭게,뷰티,2081%
"사막에서도 살아남는 생명력, '부활초'의 극강수분력을 경험하세요!",뷰티,2080%
[말해줘 너의 MBTI를] 16가지 성향별 선택하는 색과 향기,뷰티,2079%
"샴푸 5병 = 1 샴푸바! 샴푸와 보습을 한번에, 더블 포레스트 샴푸바",뷰티,2077%
"4320시간을 담은 단 한병, owndo° 온도 밸런스 토너",뷰티,2076%
[0.05g에 담긴 1% 피부비결] 5백만 캘러스배양추출물 워터글루 세럼,뷰티,2075%
남성피부만 15년! 올인원이라고 다 같나요? 단 10초로 잘생김 폭발,뷰티,2074%
"[평점 4.9앵콜] 8억마리 유산균으로 세안, 유기농 쌀가루로 각질까지!",뷰티,2073%
[5.0 앵콜] 귀차니즘제로! 손끝으로 쓱-쓱- 1분컷 꾸안꾸 보정크림!,뷰티,2072%
바다속 612m의 수분을 피부속 1mm까지! [절제된 성분의 순수 토너],뷰티,2071%
"[JoAther] 발렌타인데이, 네가 발라줬으면 하는 마사지젤",뷰티,2071%
"[무실리콘, 무인공향료] 가볍게 뿌리는 창포에센스~ 머릿결이 달라져요!",뷰티,2069%
5만원대로 만나는 나의 DNA 정보. 유전자가 알려주는 똑똑한 건강관리법,뷰티,2068%
[역대급 임상 8종] 아직도 채우기만 하세요? 속부터 차오르는 #결벽크림,뷰티,2066%
"홈케어 스킨 솔루션의 시작, 리젠바이오!",뷰티,2065%
입술에 영양을 듬뿍드리는 환절기 입술 케어 꿀템 [루트 너리싱 립밤],뷰티,2065%
"[모도루] 찰랑이는 실크빛 머릿결을 집에서, 미용실의 헤어클리닉 그대로",뷰티,2064%
건조? 그게 뭔데? 힐조밤은 보습력밖에 몰라요 [유기농 3종 멀티밤],뷰티,2063%
[9차앵콜] 뿌리깊은 속기미+속건조를 잡아야 진짜 미백크림이지. 임상증명,뷰티,2062%
[피부 유난러도 OK] 초민감시대에도 세상 편안한 올데이 마일드 선크림,뷰티,2060%
"그거, 씻어낼 거면 저 주세요. 빗을 맛 나는 NO워터! 트리트먼트",뷰티,2058%
"[아로마 원액] 마성의 테라피, 썸남썸녀가 다가오는 매혹적인 향!",뷰티,2058%
"[2000%앵콜] 건조한 봄 피부, 에센스 대신 구절초 90% 토너",뷰티,2056%
"나의 유전자가 필요로 하는 비타민, 왓비타 이네이트",뷰티,2053%
[평점 4.9점 앵콜] 피부 골든타임? 링톤이 도대체 머길래?,뷰티,2052%
[마지막앵콜] 아들 위해 의공학자 아빠가 직접 개발한 온가족 디바이스,뷰티,2049%
"건조하고 칙칙한 입술, 나르시 립인핸서로 촉촉하고 생기있게 바꿔보세요.",뷰티,2045%
나를 위한 시간 13분! 바디관리 하나로 끝!<워시+각질제거+입욕+향>,뷰티,2038%
[앵콜] 인기니치향26종에 레이어링팁까지?! 5만원대에 모두 가져가세요,뷰티,2037%
"[앵콜펀딩] 밝고 건강한 사타구니 만들기, 션 남성청결제",뷰티,2035%
[51%혜택]올인원 스킨케어! 정제수 0%! 피부 좋아지는 미친 성분폭탄,뷰티,2035%
"특허성분만 4개, 쎈 진정세럼! 화장품개발자가 만든<고민피부 구원세럼>",뷰티,2035%
[3.7억 메이커] 유리알처럼 반짝이는 코팅 한막! '유리알 코팅 앰플',뷰티,2033%
돌고래와 바다가 사랑한 필환경 '굿데이 메이트 비건 선스크린',뷰티,2031%
"역대급 기능성 탈모완화 솔루션<폴리페놀 600,000ug/300ml함유>",뷰티,2026%
[평점5.0] 수분 맛집! 카스텔라가 촉촉한 이유는? #수분천재크림,뷰티,2023%
모공 꽉 쪼이고 잔주름은 쫙 피는 역대급 성분 I EGF단백질 크림,뷰티,2023%
탈탈프로젝트 시작! Dr.Graft로 자신있게 머리카락 탈탈 털으세요,뷰티,2022%
[평점5.0앵콜] 가성비 최고! 산양유로 내 피부날씨는 맑음! 레이비,뷰티,2021%
[청담동 미용실 고데기] 뿌리볼륨부터 긴머리 스타일링까지 하나로 완성!,뷰티,2021%
"올 봄, 당신을 빛나게 할 50가지의 컴바이닝 니치향수 '클라엘'",뷰티,2020%
무작정 하얀 톤업 그만! 내 피부인듯 '보정'하세요 I 보정캡슐크림,뷰티,2020%
[마스크 착용 필수템]0.5초만에 힐링을 찾다.천연 아로마테라피 #힐에어,뷰티,2019%
"머리부터 발끝까지 피톤샤워, 유분 쫙 빼고 수분만 채워요! 호호히 피톤바",뷰티,2019%
60대 막걸리 주조사의 아기같은 손의 비밀은?,뷰티,2017%
[4억신화키노닉스] 포텐터지는 피부로! 마스크로 지친 피부진정+각질굿바이,뷰티,2017%
[KITO] 피부정화와 리프팅을 하나의 팩으로!,뷰티,2012%
피부 나이를 멈추게 하는 똑똑한 습관 #피부야타지마,뷰티,2011%
"[오가닉 95%] 중독성 강한 천연 향기의 멀티 세럼, 황금빛 피부 시작",뷰티,2010%
[왜 샴푸에 캡슐을 넣었을까?] 톡톡 터지는 비타캡슐 탈모샴푸! 모두발라,뷰티,2010%
"속눈썹 관리했냐는 소리 들었어요, 검은콩 70% 속눈썹 영양제",뷰티,2009%
[임산부전용] 역대급 보습 부스팅ㅣ크림 1통을 듬뿍 #탄력패치,뷰티,2007%
전문가에게 받는 블랙헤드/피지 관리 집에서 간편하게 하고 싶다면?,뷰티,2003%
피부고민? 진정하세요!ㅣ17가지 임상받은 크림으로 피부 고민 해피 엔딩!,뷰티,2001%
"[항균메이크업 브러쉬] 브러쉬 유목민이여, 이리로 오시게나",뷰티,2000%
"[식약처기능성확인탈모샴푸] 대한민국 샴푸의 기준이 되겠습니다, 클라우드랩",뷰티,2000%
유효성분 무려 84.8%ㅣ맨얼굴이 예쁜 사람들의 특징. 피부자정능력,뷰티,2000%
"[1억 앵콜!] 향수에 탈취를 더하다, 나만 알고 싶은 잔향깡패 향수",뷰티,1999%
"[푸딩수딩 앵콜] 피부고민, 호들갑을 떨만큼 괜찮은 제품(후기글에서)",뷰티,1993%
"[1만원대] ""탈취,살균,향기"" 한번에 해결! mash 에어퍼퓸",뷰티,1993%
두피 관리를 이 가격에? 두피 가려움 안녕~ [3단계 홈케어 솔루션],뷰티,1987%
[체험단|평점 4.8점]비건화장품 순하기만 하다? 속건조극복 비건오일세럼,뷰티,1982%
"[앵콜! 72시간 한정] 역대급 사용후기!보습,탄력,미백,주름 모두개선",뷰티,1981%
11종 임상으로 증명하는 벨라컨투어 울트라 밴드,뷰티,1974%
"[트리플 모터 진동클렌저?] 격이 다른 클렌징, 맨.손.세.안 시대 종결",뷰티,1971%
상위 1% 피부미남 되는 방법! 남성피부전문가가 만든 더마톤업크림,뷰티,1969%
우리나라 토종 선인장으로 만든 화장품으로 아름다움을 관리하세요. #천애연,뷰티,1966%
"국제특허 비타민C유도체 100,000ppm으로 밝히는 광채세럼&장미결크림",뷰티,1962%
"[1만건 이상의 진짜 후기] 하루 1분, 14일만의 놀라운 효과 어니시",뷰티,1962%
"광채미백+수분장벽+탄력, 상위1% 고농축 앰플 하나로 다시 어린 피부로!",뷰티,1962%
"[마지막앵콜]앰플이 9천원이요? 2,618명의 선택 #알리플의 귀환",뷰티,1955%
[3773% 앵콜] 모근까지 살아서 전달하는 탈모 관리의 시작 | 스칼큐,뷰티,1945%
'고객님 차갑습니다' 세상 제일 작은 에스테틱 #청담샵쿨링팩,뷰티,1944%
두피관리 어떻게 하시나요? 두피학자가 남편을 위해 만든 두피관리 제안,뷰티,1938%
치아미백 더이상 사지마! 블링키트 한번으로 OK,뷰티,1935%
"[앵콜] 타고난 피부처럼! 이데베논+비타민C유도체 고함량, 기초3분케어!",뷰티,1935%
"[4억3천 신화] 베리홉의 신제품, 8일 매끈 진짜 피부결 세럼!",뷰티,1934%
[1억앵콜] 앰플쿠션의 계절이 돌아왔다! 진짜 수분앰플 담은 앰플쿠션,뷰티,1931%
나만의 AI 맞춤형 속옷추천 APP! 퍼펙트 핏-,뷰티,1926%
정수리 똥내 안녕! 3일 안 감아도 산뜻한 39.2% 편백샴푸,뷰티,1917%
[디마프 판테놀 30%] 민감한 피부를 위한 진정/보습/장벽 앰플,뷰티,1917%
[끈적임 없는 3초 흡수] 이젠 손관리도 하셔야죠. 고운손크림,뷰티,1915%
◎저분자히알루론산만20000ppm◎피부 깊숙이 성분을 전달하다. 포레스큐,뷰티,1914%
"❄무더위?無더위!❄ 뜨거운 몸을 씻어내는 가장 좋은방법, 스노바디 워시!",뷰티,1914%
[극찬5.0앵콜]신의 성분 펩타이드 함유! 도자기피부는 앰플로션이 답!,뷰티,1913%
[7in1]7가지 기능을 담은 멀티 볼륨 스타일러! 똥!손!탈!출!,뷰티,1913%
[임상완료] 하루만에 피부탄력 74.5% 개선? 탄력이 피부를 만들어요.,뷰티,1910%
[잘 고른 샴푸 하나] 샴푸 힐링타임 랑쥬 베르가못 샴푸,뷰티,1909%
"[앵콜요청]1회 세안으로 모공 대청소, 모공하나에 티트리 20개가?!",뷰티,1905%
유리스킨 화사크림,뷰티,1899%
"알코올향은 그만! 니치향을 품은 손소독제, #오드소피 퍼퓸핸드세니타이저액",뷰티,1897%
"[사용감 역대 최고] ""잎순 써보고 집에 쟁겨놓은 샴푸 다 버렸다.""",뷰티,1893%
"""아픈만큼 예뻐져."" 센텔라 640,000 ppm 대용량 스피큘크림",뷰티,1890%
"샴푸 5병 = 1 고체샴푸바, 환경과 두피를 모두 살리는 고 그린 헤어!",뷰티,1888%
급이 다른 향. 세계 탑클래스 퍼퓨머의 프리미엄 핸드크림과 핸드워시,뷰티,1874%
[5.0앵콜! 피부결개선 임상확인] 병풀추출물 83%로 수분+진정 한번에,뷰티,1873%
[5점앵콜] 468개 LED로 빈틈없이 완벽한 피부ㅣ솔링디 LED 마스크,뷰티,1871%
30초 클렌징ㅣ속당김까지 씻어내는 특허성분 클렌징 3종이 이 가격에?,뷰티,1870%
칙칙한 내 피부에 상큼함을 더해 줄 '갓' 만든 <퓨어비타민 15%세럼>,뷰티,1863%
멧돼지털로 구르프를 만든다면? 여러분의 앞머리를 구원할 국민필수템 등장!,뷰티,1862%
일주일에 1분! 피부 전문가가 되어 집에서 관리하세요,뷰티,1860%
"물 탄 샴푸Stop, 이젠, 100% 유효성분으로 탈모케어 하세요!",뷰티,1859%
[와디즈 선공개] 피오니크림: 소유와 소원이 트렌드위드미에서 소개한 크림,뷰티,1853%
[앵콜/ 품절대란] 7초 마법! Y존 유산균 버블샤워. 여성고민해결 !!,뷰티,1848%
"[4차] 후기와 앵콜요청이 말해줍니다 식물성 줄기세포 샴푸 ""트라이잇""",뷰티,1847%
"건조해도 잠 못자도 3주면 피부 미백 끝, 알루체레 기능성 앰플",뷰티,1837%
[4.9평점] 씻기만 해도 피지/각질 고민 한번에 끝! <버블팝 클렌저>,뷰티,1837%
"당기면 끝이다! 올레산 83.1% 케이올, 속당김 해방 세럼&크림",뷰티,1836%
먹지 마세요. 두피에 양보하세요. 와사비로 두피고민 타파!,뷰티,1834%
[발각질 혁명] 그동안의 풋크림은 잊어라! 쓱-발라만 주면 당당한 맨발!,뷰티,1832%
[치과 걱정 BYE~] 한달에 딱 한 번! 셀프 치아 코팅!,뷰티,1831%
"사진찍을때마다 스트레스 받는다면 I 매일 10분, 뭉친근육에 <롤링업>",뷰티,1831%
"[세계 최초] 쿨링 전문 코스메틱, 멘톨로지가 만든 슈퍼쿨 마스크",뷰티,1821%
[평점4.9앵콜] 3번째 업그레이드! 남성 올인원 에센스 종결템,뷰티,1821%
"[1억4천]2000명의 피부변화, 셀룸 | 꼭 필요한 것만, 나만의 앰플",뷰티,1816%
[프리미엄 앵콜] 갈바닉마스크 하나면 피부관리 끝! 수분량이 신세계야!,뷰티,1815%
[2억신화/평점4.9앵콜] 미친발색 글리터 섀도우 #화이트 스완,뷰티,1814%
"[8,000% 앵콜] 자일리톨 넣은 바나나 치아미백겔",뷰티,1811%
[각질제거100%] 발각질은 왜 깔끔하게 제거가 안될까요?,뷰티,1811%
[프로젝트코랄] 내 피부와 환경을 모두 지키는 비건 워터프루프 선크림,뷰티,1802%
KAIST 출신 경영2세가 만든 실크 세리신 앰플 미스트,뷰티,1802%
"[평점4.8/앵콜8차] 올인원 + 미백기능 강화, 남성올인원 종결템",뷰티,1796%
향기로 사랑을 만드는 방법. 바네사 페로몬 향수,뷰티,1794%
하나만 바를건데 제대로 발라야죠 ㅣ끈적이지 않는 산뜻함 컴플리트 올인원,뷰티,1794%
"[2294%/2차앵콜] 방황은 그만! 여기 있어요, 당신의 ""인생향수""",뷰티,1792%
이제 두피도 앰플하세요! 고농축 폭탄영양 한방울 탈모케어ㅣ두피착붙 앰플,뷰티,1786%
"[평점4.8마지막앵콜]나노줄기세포배양액 뉴스템크림, 리페어보습 신의한수!",뷰티,1785%
>>미친날씨 파워쿨링<< 샤워만해도 남극 체험! [ 멘솔 바디 워시 ],뷰티,1782%
[수분량 200%UP] 3중 히알루론산으로 모공X만성개기름 완벽관리,뷰티,1778%
앵콜ㅣ저녁까지 앞머리를 유지하고싶다면 주목! 5초 드라이면 멋진 컬 완성,뷰티,1776%
정제수 0%! 식물 추출물 블랜딩 멀티 비건 토너 [믹스모아],뷰티,1769%
"[뷰티어워드 Winner] 에스테틱 쿨링&진정 모델링팩, 린제이",뷰티,1761%
SOS 당신의 언더존이 위험하다!! 청결하고 상쾌한 언더존 만들기,뷰티,1760%
"[지속력 갑 / 7가지 발색 여왕]바쁜 아침, 스틱 섀도우 하나로!",뷰티,1760%
"100% 원액 그대로를 담은, 작지만 놀라운 심플리스틱 '에센스 원더'",뷰티,1757%
"피부 고민, 7일만에 날려버리는 피부노후대책 인생템! 홈에스테틱 스킨케어",뷰티,1754%
윤기임상 l 속부터 투명해지는 도화광채란 이런 거죠 <화이트스피큘크림>,뷰티,1753%
[홈테라피]유기전문회사와 한의사가 만든 나를 위한 명품 방짜유기은행잎괄사,뷰티,1751%
"플라즈마와 미세전류를 동시에! 피부 탄력 홈케어 뷰티 디바이스, 오로라미",뷰티,1748%
"블랙헤드,각질 올킬! 확실하게 제거해주는 퐁당 모공쏙쏙 필오프팩/필링젤",뷰티,1744%
[마지막 앵콜] 세수하고 나면 아기처럼 피부가 보들보들해져요,뷰티,1743%
이 가격으로 산양유를 내 몸에? 이중 보습으로 피부날씨 맑음! [레이비],뷰티,1739%
상위 1% 피부미남! 하나로 끝내는 전문성을 더한 더마 올인원!,뷰티,1738%
숙성된 감이 통째로! 촉촉함을 가득 담은 바디워시-카키,뷰티,1732%
[누적1600%] 2차앵콜! 여러분의 바디케어는 -417이 책임집니다!,뷰티,1728%
[노니팩] 신이 주신 열매 노니로 건조한 피부 촉촉하게,뷰티,1721%
[1억펀딩/NEW깨죽크림] 쓱쓱 바르기만해도 잡티가 사라지는 광톤결크림,뷰티,1720%
[에스테틱 마사지를 6만원에?!] 인덕션을 이용한 후끈한 셀프 롤링마사지,뷰티,1716%
[유기농85%]1초 만에 쓱-주름 개선하는 가장 확실하고 편리한 방법!,뷰티,1714%
★속건조 필수템★ 작게 쪼개 피부 속까지 촉촉한 나노 히알루론산 토너,뷰티,1708%
['알' 이즈 웰] 시원하게 다 잘 풀릴거에요.,뷰티,1708%
[앵콜] 딱딱한 블랙헤드를 부드럽게 녹여주는 멜팅부스터,뷰티,1698%
[피부각질케어] 우유단백질을 듬뿍 담은 '밀크 필링',뷰티,1697%
"pH5.5, 무자극, 항균 99.9%. 인증 획득! 리얼 천연 클렌징바",뷰티,1694%
피부 골든타임? 5000배 응축된 미네랄이 피부를 살려드립니다,뷰티,1690%
"한국인의 두피,모발 특성을 고려한 한국 정통 포마드",뷰티,1686%
문제성 두피주목ㅣ두피환경을 개선시키는 28가지 산야초 <진짜샴푸풀소바>,뷰티,1684%
"묵은 피지, 블랙헤드도 한번에 씻는 클렌저 <세수한번>",뷰티,1680%
2차 세안을 왜해요? #더세럼클렌저는 수분빼고 다 지우는데!,뷰티,1676%
[이벤트 진행중] 티 안나는 남성 올인원으로 티나게 잘생겨지자!,뷰티,1674%
[ 평점 4.8/앵콜 ] 큐티클 순삭은 기본이죠! 손톱 호강 유향미르,뷰티,1673%
벗어라! 즐겨라! 피부 전문가가 만든 '빛을 이용한' 신개념 선크림,뷰티,1663%
진공 상태의 베이스를 그대로 빈틈없이 밀착! 눌러쓰는 진공 쿠션,뷰티,1662%
귀차니즘 제로! 손끝으로 쓱쓱 바르면 1분컷 꾸안꾸 보정크림!,뷰티,1660%
가루형태의 파데? 가볍고 뽀송하게 피부안착! #비건 #팩트-파운데이션,뷰티,1659%
[2065%앵콜]건조한 내 입술에 영양보충하세요! 루트 너리싱 립 밤,뷰티,1652%
[와디즈 한정판] 속부터 차오르는 물광피부! 반디비타 미세전류의 힘!,뷰티,1646%
"""아픈만큼 하얘져."" 정제수 0% 미백까지 강화된 리얼 기능성 스피큘크림",뷰티,1644%
[탈모완화기능성제품] 깊이의 차이! 두피속까지 줄기세포배양액 엑소좀!,뷰티,1644%
한 장 습관. 순면으로 바꾸는 피부 [이너미쉬 무표백 순면 페이스 타올],뷰티,1642%
초저분자 히알루론산이 선사하는 리얼 침투 보습.진정! 자연유래 96%앰플,뷰티,1641%
[ 2274% 앵콜 ] 오늘부터 더 좋은 '비누 향수' 찾지 마세요.,뷰티,1640%
[각질지우개 바디버터스틱] 배리어밤으로 겨울각질 싹- 지워요,뷰티,1638%
(업그레이드)알프스에서 온 수분부자가 히알루론산과 함께! 물광피부의 끝판,뷰티,1638%
"로션 하나로 만드는 도자기 피부, 시카+펩타이드+진정 최대함유량 앰플로션",뷰티,1636%
젊은 탈모인을 위한 즐거운 탈모 관리법! [맥주효모 탈모샴푸],뷰티,1633%
[세컨드컴플리트] 나에게 다 맞춘 다이슨 에어랩 스타일러 거치대,뷰티,1632%
[와디즈 여성남성청결제 대표주자] 팬티라이너도 악취도 끝! 향기만 남아요,뷰티,1629%
"[2억펀딩입증 화장품요리사] 올여름 성분종결템, 미백보습을 한번에 뿌리다",뷰티,1624%
[앵콜] 전성분안심처방! 피부트러블 더이상 가리지 마세요!,뷰티,1623%
[앵콜] 독일 국민입욕제 #배쓰솔트 #마약입욕제 #중독주의,뷰티,1616%
[부활초 추출물 82%] 미스트만 뿌렸는데 자꾸 관리받았냐고 물어봐요~,뷰티,1613%
"[4.9 앵콜]팬티라이너도 악취도 끝! 여성남성 청결제, 위생은 기본이죠",뷰티,1610%
[2229%] 이 가격에 듬뿍 바르는? '진짜 수분' 담은 앰플다운 앰플,뷰티,1608%
톤업을 위해 보습을 포기하지 마세요. #로다시아 톤업크림,뷰티,1608%
[2451%앵콜]우리집이 고급 스파가 된다?샤워부터 족욕까지!!,뷰티,1606%
⭐1708%앵콜⭐평점5점⭐나노히알루론산 토너! 촉촉함이 속까지 빈틈없이!,뷰티,1605%
이가격에 나올 향수가 아닌데,뷰티,1603%
[푸석 머릿결 주목!] 강력한 한 방울의 5초 케어 찰떡 트리트먼트!,뷰티,1601%
영국비건협회공식인증 우엉샴푸바 한번써보면 못끊어요 <샴푸바유목민 정착템>,뷰티,1597%
[앵콜][남자필독] 당신의 “파이어볼”을 “스노우볼”로 바꿔 드립니다.,뷰티,1596%
<여름을 위한 가장 완벽한 향> 매니아들도 극찬한 신작 니치향수,뷰티,1594%
피지와 각질 원인은 속건조?ㅣ차원이 다른 고농축 판테놀스킨이면 충분해요!,뷰티,1592%
치아도 뷰티다⭐!치아미백을 위한 단 하나의 선택! [투스노트 화이트닝겔,뷰티,1591%
[3차앵콜] 단 5초만에 앞머리 고민 해결! 구르프 유목민들 모여라~,뷰티,1589%
글로벌2억펀딩ㅣ헤어관리가 이렇게 쉽습니다. 모발인장력강화 19% 임상증명,뷰티,1582%
"[식약처/FDA허가] K-방역,우리나라를 대표하는 손소독제로 만들겠습니다",뷰티,1574%
"<탈모 증상 완화 기능성> 기능성 인증은 기본, 풍성해 보이는 건 보너스",뷰티,1573%
"이게 토너라고? 버블에 놀라고, 보습에 또 놀라는 #버블토너",뷰티,1573%
내 피부처럼 얇은 텐핏 하이드로패치,뷰티,1571%
[후기앵콜] 좋다는 말에 구매한 기능성 샴푸 효과 보셨나요?,뷰티,1564%
[푸딩수딩 앵콜] 이가격에 이런효과를! 피부고민 진정해요~ (후기글확인),뷰티,1563%
[5점 앵콜]칙 뿌리고 쓱 밀면 자극없이 각질이 우수수~ 발각질 끝장템!,뷰티,1559%
[샴푸유목민 주목!] 단 5천원으로 두피의 근본적인 힘을 키워보세요.,뷰티,1558%
[시카명가] 탈모의 적 두피열 싹 잡았어요! 늦기 전에 <촘촘샴푸>,뷰티,1558%
"[단,10초] 쉽고. 빠르게 <각질ㅣ모공ㅣ딥클렌징> 산소버블케어 유자팝폼",뷰티,1557%
[F7D 멀티세럼] 불가능해 보였던 화장품들,뷰티,1555%
"[4.9앵콜]속눈썹 관리했냐는 소리 들었어요, 검은콩 70% 속눈썹영양제",뷰티,1553%
죄송합니다. 이 비누 향은 탈출구가 없습니다. 더퍼퓸 솝 컬렉션,뷰티,1551%
[앵콜] 2019 선케어 완전체 등장이요~,뷰티,1548%
"이젠 집에서도 필링 OK, 고농축 홈필링 앰플 탄생!",뷰티,1547%
"""탈모증상완화앰플쏙쏙""손으로 흡수시켰나요? 볼륨부스터로 두피속깊은곳까지!",뷰티,1545%
[글로벌펀딩 13억] 면봉이 재활용된다!? 위생은물론 환경까지 꽉 잡았다,뷰티,1545%
"단, 6만원 아쿠아필링을 평생 집에서?ㅣ1회사용 94% 강력 #피지삭제",뷰티,1544%
[비건인증] 하나만 발라도 피부 좋아지고 싶다면? 뿌리는 수분크림 #뿌크,뷰티,1542%
[5.0앵콜] 쏙 빼고 찹! 14일 기적의 모공토너,뷰티,1541%
[UPGRADE 앵콜!] 매일 아침 상처받는 남자들을 위한 쉐이빙 혁명템,뷰티,1539%
[5억6천 메이커] 믿고쓰는 키노닉스! 열 받은 피부에 양배추 진정 앰플,뷰티,1539%
"[원클리닉 Treatment] 모발, 두피 홈케어로 찰랑찰랑 인싸되기!",뷰티,1538%
속눈썹과 눈썹이 첫인상을 좌우합니다! 국산 서리태로 만든 아이세럼.미스트,뷰티,1538%
"[평점4.9/앵콜]#청정모공 에센스 하나로 매끈한 모공,확실한 진정까지!",뷰티,1537%
[1억 앵콜] 이가격에 나올 향수가 아닌데,뷰티,1537%
[전원선물|앵콜]괴물용량 더마올인원! 극찬후기! 미백주름모공관리를 하나로,뷰티,1535%
"겟O뷰티 갈바닉 1위, 와디즈로 상륙! 입소문난 그 갈바닉, 클리앳",뷰티,1535%
[3차앵콜] 샴푸 유목민 인생템! 하루 80원으로 두피케어 하세요.,뷰티,1531%
"[5.0앵콜]임시방편 립밤대신, 고보습 고농축 비타민 E 비건 립마스크!",뷰티,1529%
"미스트 명가 달바, 무드있는 깨끗함! 초간편 보습 핸드 센티드 세니타이저",뷰티,1527%
"[진한 자연의 향, 센사티아] 집에서 느끼는 5성급 호텔 & 스파",뷰티,1526%
[2459% | 3차 앵콜] 13년 전문가의 찐! 특허성분 속눈썹영양제,뷰티,1524%
[닦을수록 눈부신결광]짐승사이즈 '크림토너'패드 하나로 기초종결,뷰티,1523%
"[테스터 만족도 95%] 떡진 머리, 정수리 냄새가 고민인 남자라면 주목",뷰티,1520%
독일이 내 아이를 위해서 만듭니다.,뷰티,1516%
[진정에 진정을 더하다] 쑥 원물시트로 쑥-페셜함 Up! 오듀 마스크팩,뷰티,1516%
[앵콜]후기로 검증된 기미에 원인 멜라닌색소 분해에 도움을주는 멜라센스,뷰티,1514%
[논젠더코스메틱] 남녀 모두 놀랍도록 만족한 세럼+앰플= 세럼플 탄생!,뷰티,1513%
화장품연구원 출신CEO가 말하는 진짜 아이크림 (feat.진동디바이스),뷰티,1509%
"[17살의 머릿결을 그대로] 탈모완화는 기본, '결'까지 케어하는 결샴푸",뷰티,1509%
[프랑스 세더마정품] 보르피린으로 떨어지는 탄력을 늦기전에 채워보세요.,뷰티,1505%
"[마지막앵콜] 입술로만 1억신화, 365일 각질없는 푸딩입술 캐롯립밤",뷰티,1500%
내 피부는 목마르다. 피부 갈증해소는 #XOUL카밍셀토너 와 함께하세요,뷰티,1499%
[MOISWISH] LED마스크와 빛에 반응하는 화장품 세트,뷰티,1499%
누런치아에서 하얀치아로 돌아가는 방법! 당신의 치아는 원래 밝았습니다.,뷰티,1498%
"발색, 지속력 기본장착! 입술주름 개선까지 되는 [기능성 매트립스틱]",뷰티,1497%
향기만 골라주세요. 보습은 그냥 드릴게요. #인생바디미스트,뷰티,1497%
"세럼, 이제 아껴쓰지마세요! D-판테놀 30,000ppm 대용량 세럼",뷰티,1496%
[앵콜] 쓱-바르고 자면 끝! 바르는 마스크팩 ㅣ 하동녹차 슬리핑마스크,뷰티,1496%
피부에도 패치에도 손대지 말고 쉽게!,뷰티,1493%
"[5.0앵콜] 식물엑소좀 함유ㅣ수분,모공,탄력 3중케어로 강력하게!",뷰티,1491%
[스킨구하리] 아이부터 성인까지! 모두를 위한 저자극 고보습 ATL 라인,뷰티,1488%
Y존 냄새 뿌리는 유산균으로 도움 받아요!,뷰티,1488%
[누적1.1억/23668%앵콜] 임상과 후기로 검증된 여성청결제 이너샤인,뷰티,1487%
[탈락모발수 약 71.9% 감소] 4주 사용으로 모발지옥 하수구에서 해방,뷰티,1484%
"[푸트너 샤베트] 하루종일 지친 내 발, 샤베트 풋크림으로 회복하세요!",뷰티,1483%
"[비자극임상]리얼히알루론산성분 피부가 좋아보이는건 기분탓?,아니 수분탓",뷰티,1480%
건조? 그게 뭔데? 힐조밤은 보습력밖에 몰라요 [유기농 3종 멀티밤],뷰티,1476%
[평점5.0/마지막앵콜]지친 피부 솔루션!!피부야 글루타치온 먹자!!,뷰티,1476%
"립밤을 넘어선 예술작품, 모두가 아닌 오직 당신을 위한 생기있는 자신감!",뷰티,1475%
[앵콜!재클린] 올리브영 품절대란 남성청결제 & 세상에 없던 여성청결제,뷰티,1473%
두피 관리의 핵심은 유분량의 균형입니다! 올솔 모닝-나이트 밸런스 샴푸,뷰티,1471%
"[마지막앵콜] 끈적이지 않는 촉촉한 선케어 링솔, 모공개선 임상 확인!",뷰티,1467%
"진짜를 찾아야, 비로소 처음 ‘포엔 마이퍼스트앰플’",뷰티,1462%
똥손도 금손으로? 자동 롤링판으로 웨이브가 척척! 컬링고데기 [롤링],뷰티,1454%
귤껍질에 좋은 게 있습니다. 탈모걱정인 우리에게도 좋을까요? 네 좋습니다,뷰티,1453%
"깔끔한 각질제거, 확실한 보습 | 목욕탕 가지말고 바디스크럽 해보세요!",뷰티,1453%
"가격혁신, 무중력 3파장 LED마스크",뷰티,1452%
"'차단쿠션' 이제껏 이런 쿠션은 없었다, 블루반 에어 피팅 쿠션",뷰티,1451%
개기름 OUT! 수면중 지성피부의 환경을 바꾸는 워터락 솔루션,뷰티,1449%
더 이상 긁지 마세요! 임상받은 극보습크림으로 쓱~바르고 편하게 잠드세요,뷰티,1449%
[무자극]눈만 깜빡였는데 다 쳐다봐. 마치 날개 단 듯 시선집중!,뷰티,1447%
[앵콜펀딩] 3세대 에어리스 매트쿠션 보송해도 수분감은 뿜뿜! #솜살쿠션,뷰티,1447%
[38분완판] 하루 300원으로 보들보들 아가발. 트러플풋바 반값혜택,뷰티,1446%
"슥- 닦고 바로 자도 됩니다! 이불 속 클렌징 “굿나잇 체리 클렌징패드""",뷰티,1441%
피지 쏙! 모공 쫙! 자극없이 피지만 쏙 #시카클레이코팩은 처음이시죠?,뷰티,1441%
"[4.8앵콜]미백절정 퀀텀앰플, 23호에서 21호로 파데 바꿔드릴게요",뷰티,1441%
인생마스카라ㅣ필름 벗기듯 미온수에 이지오프! 무자극 비건 마스카라,뷰티,1440%
[5점 앵콜]아직도 피테라만 알아요? 프랑스에서 찾은 피노누아가 뭐길래?,뷰티,1440%
"집사라면 핸드워시도 달라야죠. [집사야, 냄새랑 성분 진짜 좋다냥-!]",뷰티,1439%
[앵콜] 후기극찬ㅣ피지 각질 순식간 올킬! 모공케어 혁명 #쏙쏙패치,뷰티,1437%
탈모완화 유효성분 무려 91%! 앰플 함량 비교 적극 환영해요,뷰티,1434%
"[아웃도어 최적]괴물급 신인 선크림 등장, 뽀송코팅 선실크",뷰티,1433%
[18종 전 컬러 비건] 17년차 색조 장인이 만든 <진짜 비건 팔레트>,뷰티,1423%
[저자극목화패드]예민 피부도 안심하고 사용하세요! 무표백 수분 필링 패드,뷰티,1420%
"저기, 혹시 무슨 향수 쓰세요?",뷰티,1417%
국내 청정 초유 응급 크림으로 아기부터 어른까지 온가족 피부 고민 해결!,뷰티,1416%
팔자 주름 임상! 항산화 크림 쓰고 모공 촘촘 깐달걀 피부 됐어요,뷰티,1414%
영화<알라딘>의 자스민공주(나오미 스콧)를 닮은 향기,뷰티,1413%
더울때 냉장고에 머리넣지 말고 순시키 냉장고샴푸하세요!,뷰티,1412%
