title,category
[한정판] 올 여름을 책임질 오뚜기 함흥비빔면이 돌아왔습니다!,푸드
"[한정판 과일] 체리와 자두의 달-콤새-콤한 만남, 신품종 체리자두 !",푸드
한국판 납작복숭아가 와디즈로! 집에서 직접 즐기는 대극천복숭아,푸드
[유럽왕실 공식납품] 225년 마야니의 미식을 완성하는 또 하나의 초콜릿,푸드
"[지금이 아니면 못먹어요]새콤달콤 찐~한 당도의 한정수량, 후무사 자두",푸드
"[신선복숭아] 남다른 진한 맛과 향기, 초여름 신비의 프리미엄 복숭아",푸드
[국수혁명] 세상에 없던 초초간편 10초면 익는 국수 등장! 스치면,푸드
[밀쉐이크] 맛과 기능을 다? 욕심쟁이 단백질 쉐이크 등장!,푸드
"[2390%, 마지막 앵콜] 단 2,438원, 초간편하고 맛있는 인생국밥",푸드
[평점5.0]사장님 진짜 이 가격 맞아요? 무농약인증받은 미친 생블루베리,푸드
"<월간과일-복숭아 2탄>7월 대표 복숭아 3종! 왕봉,천홍,그레이트점보",푸드
[누적26억]이제 입터져도 돼요! 단백질도 터지니깐! #꾸덕쫀득#프로틴바,푸드
[CJ제일제당]최.초.공.개 10만번 다졌다. | 쫀득함끝판왕<찹쌀어묵>,푸드
이탈리아를 담은 <구름초콜릿> I 빵이야?초콜릿이야? 사르르르 식감 깡패,푸드
[배민 평점 5.0] 퐁신퐁신 입에서 사르르 녹는 마성의 구름테라!,푸드
"[1.2억신화/전설의살구] 살구가 이렇게 맛있는줄 몰랐습니다, 후기확인!",푸드
[13133%펀딩] 지금 커뮤니티에서 완전 난리난 초콜릿 꼭 드셔보셔요!,푸드
MZ세대들을 위한 스마트한 숙취해소음료 숙희해수 이젠 술 마시면서 푼다,푸드
체리와 자두를 동시에 맛보세요!자두보다 더 달콤한 신품종 나디아 체리자두,푸드
고추장에 미친 사람이 케첩처럼 쓰고 싶어서 만든 프리미엄 만능고추장 소스,푸드
"[25년 과일 경매사의 선택] 당도보장 꿀-발린 노란수박, 블랙보스",푸드
[복숭아2종] 일년 중 단 14일 수확! 달콤함의 신세계 신비&신선복숭아,푸드
"[생과 산딸기] 초여름 잠깐 만나요, 탱글~탱글 톡톡 터지는 생과 산딸기",푸드
제주초당옥수수 먹어봔? 초~달달해 맛있쪄!!,푸드
[산딸기 왔어요] 6월 제철 당일 수확~ 햇산딸기의 신선함을 받으세요.,푸드
[ 4천명리뷰로 증명된 ]상생축산의 맛있게 매운맛! 귀신 쪽갈비,푸드
<경산 명품 복숭아> 제철에 배송되는 첫 수확 신비복숭아를 만나보세요!,푸드
[1만원대] 단 10분만에 치킨을 갓!튀겨먹을 수 있는 치킨밀키트,푸드
영화관 카라멜 팝콘 맛 그대로 100% 재현 #식단관리 #한입쏙그래놀라볼,푸드
쥬스를 새로 정의하다. 물한방울 섞지 않은 국.내.산. 블루베리 쥬~스,푸드
"[마지막체리]달콤새콤함이 톡!터지는 앵두같은 맛, 국내산 신품종 애플체리",푸드
"[99.9%모로블러드오렌지 농축액]서울대 연구진 개발, 건강한 아름다움!",푸드
[자두's back]달콤의 대명사! 올해 첫 수확 대석자두를 만나보세요!,푸드
REAL 마약떡의 등장ㅣ100% 국내산 찰쌀로만 만든 옥수수크림떡,푸드
"이런 육사시미는 처음이지? 치마살, 안심, 채끝 미경산 화식암소 육사시미",푸드
[8419%펀딩] <월간과일-자두1탄> 가장 큰 1번과 초여름 대표 3종,푸드
"[유기농] 진한 향 달달한 맛! 자연 그대로 키운 하코드, 플럼코트 살구",푸드
푸드 앤 투어리즘 페어 'VIP 모바일 입장권(선물쿠폰 포함)' 펀딩!!,푸드
"[만족도4.9] 해감 NO! 단, 3분! 3천원에 즐기는 백합 와인술찜",푸드
[세상에 없던 혈당 다이어트 젤리] 이번 여름은 더블컷과!,푸드
20년 전통의 오시리야 수제 꼬치 구이와 비법 소스 맛간장으로 즐기다!!,푸드
[한정판매] 늦으면 못 먹는 인생 곱창집.이제 집에서 드세요!,푸드
[제주초당옥수수]극강의 달달함! 미친 당도 끝판왕 슈퍼-달콤 초당옥수수,푸드
장애인의 자립을 돕는 수제 르뱅쿠키,푸드
"쫀득, 달콤! 자연 그대로 찐-한 맛, 프리미엄 유기농 복숭아 7종",푸드
"술자리 인싸? 벨거없으~ 알쓰부터 술꾼까지, 드림드링커 한 포면 충분!",푸드
"쫀득, 달달한 신상 살구 등장! 한층 더 업그레이드 된 신품종 햇님살구",푸드
지금 놓쳐도 괜찮으시겠어요? 초고당도 찐한 달콤함! 레이니어체리,푸드
[올해첫앵콜] 올해 처음! 제철수박으로 만든 무설탕 수박주스100%,푸드
막창과 파스타의 만남! 막스타,푸드
[5.7kcal] 칼로리 걱정을 날려줄 매-콤한 소스가 왔다!,푸드
국물맛 부터 다르다! 로스팅한 딱새우 티백으로 우려낸 #제주 딱새우 라면,푸드
[최초공개] 의정부를 접수하고 전국제패에 나선 아줌마파워 학교 앞 떡볶이,푸드
[이너핏 다이어트] 피부&다이어트 핏은 속부터 시작!,푸드
일년에 단 한번! 지금이 아니면 만날 수 없는 새하얀 멜론을 만나보세요!,푸드
[요편한] 누구나 요리를 편하게! 요편한 닭갈비막국수&치즈닭떡볶이,푸드
[2000%앵콜] 우.잘.알 밀크마스터의 명품 프리미엄 리얼 생치즈!,푸드
[평점4.9/5.0]뉴욕의 맛. 꾸~덕 크림치즈 6종+쫄~깃 쌀베이글2종,푸드
"[1297% 앵콜펀딩]쫀득~한 식감, 달콤~함 가득! 항공직배송 설탕망고",푸드
"엄마의정성 건강밥 탄수화물, 칼로리 줄이고 !쉽고 맛있는 저칼로리 건강밥",푸드
[스지된장조림] 일본에서 먹었던 입에 넣으면 사라지는 도테야끼,푸드
[만점 앵콜] 5가지 맛의 그릭요거트와 일반요거트까지!발효 전문 kit!,푸드
[성장ing룰루 | 비교 환영] 리얼 생사과와 요거트가 끝까지 콸콸콸!,푸드
삶은 막창= Life is 막창 / 대구 오리지널 막창 무 봤나?!,푸드
[22차] 부끄럽지 않은 국내산 쥐포,푸드
"[유기농Dr.블루베리]우리아이, 우리가족의 건강한 먹거리!",푸드
"""월간과일"" 복숭아편 1탄 -초 여름을 열어줄 6월 복숭아 2종 맛보기",푸드
[드디어 한국상륙] 새콤개운 고기와 찰떡궁합 프리미엄 스톡스 민트소스,푸드
[하루엔진!] 멘탈케어스틱! 건강이 정신을 지배한다.,푸드
[100%한우사골]12시간 푹 고아낸 명품 한우사골곰탕,푸드
현역 5성급 호텔셰프가 직접 만드는 수제 딤섬,푸드
"[국가대표가 먹는 활력 비밀] 하루 2포 신개념 건강환, 올인환!",푸드
[저당 1세대 브랜드] 바삭! 달콤! 맛있게 먹기만 해도 식단관리 OK!,푸드
[첫 수확 고창 꿀과즙 멜론] 깊은 단맛과 진한향! 가장 먼저 받아보세요,푸드
"[기간한정] 딱! 2주만 수확하는 새콤달콤 베리의왕, 슈퍼푸드 블랙커런트",푸드
[앵콜특가/역대급 콜라보]다이어트+피부+쾌변까지 1포로 완벽하게 챙겨요!,푸드
[엄마! 눈물치즈장어 더 주세요] 남편 먹이려고 했더니 애들이 더 먹어요,푸드
[딱딱한 육포 멈춰!] 닭육포가 이렇게까지 맛있다니?!,푸드
발효사료로 더 건강한 난각번호 1번 프리미엄 청란,푸드
[세계가 인정한 맛] 한국을 대표하는 부자진,푸드
"[고당도 자몽]항공직배송으로 신선함 그대로, 루비레드 자몽",푸드
위스키커피는 처음이지? [청와대 바리스타 출신]이 만든 커피로 취향저격!,푸드
[9900원!!] 푸드리퍼브 청정제주 소작농들의 미니밤호박을 맛보세요,푸드
"[1인분 7,900원] 트러플 성게알 크림 파스타",푸드
[소스의신] 가슴까지 시원한 진한 육수!! 냉모밀 비빔모밀 ~!!,푸드
[ 마약강정 ] 한번 먹으면 멈출 수 없는 황태채 강정,푸드
[5차앵콜] 손으로 잡고 뜯어먹는 통 수비드 척아이롤 스테이크,푸드
[곡물맛/카카오맛/밀크진저 3종] 토종곡물로 만든 건강한 미숫가루!,푸드
"[마시는 콜라겐 커피] 하루 한잔, 이너뷰티와 식단관리를 동시에?",푸드
"1996년부터 이어져온 깊고진한 국물의 ""그남자의 설렁탕""",푸드
[통통한 동해안 아귀]한국 아귀포 맛있게 먹는 방법,푸드
"[초한정수량] 털없는 백도, 희귀과일 고당도 신비복숭아!",푸드
한식 명인이 직접 제조하는 한입 도라지정과& 호두정과,푸드
"[한정수량] 살구의 왕, 초고당도 하코드 살구! 에너지 보충 영양과일!",푸드
[초한정수량]자두와 살구가 만났다! 장점만 살려 더 맛있는 플럼코트 3종,푸드
"[평점만점]올리브오일 덕후들이 극찬한,재배방식부터 다른 이태리 최고의오일",푸드
"[와디즈 한정 600개]양태반+피쉬콜라겐, 남자한테 그렇게 좋다던데..?",푸드
"[2,133%앵콜펀딩]부산 한우맛집의 1++한우로 고아낸 최고급 명품곰탕",푸드
[달콤~한 제주애플망고] 쫀쫀한 과육이 가득 찬 국내산 프리미엄 애플망고,푸드
진짜 영양 끝판왕 두유가 나타났다!!! 설탕 가득 나쁜 프로틴은 이제그만,푸드
[MGO 성분 폭탄] 마누카 꿀의 건강함을 아직도 모르신다면? 비앤브로,푸드
"[복숭아 정기배송] 귀한 제철 ""경산 명품"" 복숭아 3종을 한 번에!",푸드
"[7,700원 300개 한정] '맛'있어서 간편한 엑스트라 버진 올리브유",푸드
[누적4억검증] 믿고 먹는 아일랜드박스 여름철 감귤 4회 구독 프로그램,푸드
"[장흥식 투뿔++삼합] 투뿔한우, 쫄깃한 관자, 무농약표고를 한입에",푸드
"NO글루탐산, NO아질산나트륨 [뽀얀 소시지 3종] 100%무항생제 한돈",푸드
[GAP 인증] 요즘시기에 딱! 제철인 [국내산 산딸기] 가 찾아왔어요~,푸드
이거 하나면 밥 한 그릇 뚝딱! 도둑이야~ 밥도둑 수제 젓갈 3종 세트!,푸드
"밤마다 고민이 많은 남성을 위한 활력증진 ""밤의마카""",푸드
[플럼코트] 자두 + 살구의 만남!! 새콤달콤한 플럼코트를 만나보세요!!,푸드
[앵콜] 쉐프가 만든 타르타르소스와 피쉬앤 칩스,푸드
100% 유기농으로 만든 건강기능식품이 있다?! 올가네이쳐 유기농비오틴,푸드
[ 멀티충전 ] 이너뷰티의 모든 것을 담은 8 IN 1 데일리 콜라겐스틱,푸드
맛에 가치를 더해 요리에 부족한 2%를 더하는 소유 맛간장,푸드
"찐~ 유럽가정식이 나타났다! 깊고 진한 스튜의 맛, 비프스튜 간편식",푸드
밖에서 먹는 슈가프리 시럽 본 적 있어? 설탕 ZERO 한 잔에 한 포,푸드
스모크타운 텍사스 바베큐 플래터,푸드
치과의사 김석범원장의 건강한 한끼 '닥터밀키트1.0',푸드
"[첫 수확] 가장 맛있을 때 수확한 털 없는 황도, 신선 복숭아!",푸드
"(4차)얼죽아생?차갑게 마셔도,건강해지는 여름대표 생강음료- 진솔생강고!",푸드
[앵콜] 무화과 꿀이 녹진한 유기농 반건조 무화과,푸드
건강한 캠퍼들을 위한 빛나는 제주도 커스텀 소금 [건강해저염],푸드
떡만 가져와!인생떡볶이 만들어줄게[내맘대로 매콤떡볶이/짜장떡볶이 뚝딱!],푸드
달달함의 푹 빠진~ 옥수수!! 초당 옥수수!! 이렇게 달달할수가~!!!,푸드
"[부부건강식] 혼자 하기 힘든 건강 챙기기, 이제 부부끼리 건강해지자!",푸드
완벽손질 실패 없는 초당옥수수 [청년깐초당] 품질불량 제로에 도전합니다.,푸드
안좋은 식습관으로 고생하는 분들을 위한 300만 곡물효소,푸드
[캠핑요리로 완벽] 국내산 쭈꾸미볶음 밀키트,푸드
"이번 여름, 여행 필수품! 우리여행가장 전통장, 수제청 키트",푸드
GC녹십자웰빙이 만든 날씨를 닮은 한포 '멀티비타민&미네랄',푸드
익숙함과 새로움은 공존할 수 있어요. 여수 돌산갓 페스토.,푸드
진짜 고급진 예멘커피 마셔봤니?,푸드
"20대 대통령 건배주, 성년의날, 부부의날 달콤한 수제와인 벌꿀주",푸드
새싹보리의 이유있는 변신 주성 블랙새싹보리분말 스틱,푸드
아미그달린이 풍부하고 면역력 향상에 좋은 두루마을 개복숭아,푸드
필수영양소에 비타민B컴플렉스UP! 종합비타민 올라이프 120정(2개월분),푸드
"100% 국내산, 100% 리얼착즙, 마시는 이너뷰티, ""마시는 병풀""",푸드
[소스의신] 추억의 국민학교 시절 옛날떡볶이~!,푸드
[매장평점 4.8] 돈까스 마니아들의 성지 '카와카츠'의 미친육즙 카츠볼,푸드
[7205% 앵콜] 하루 600원대로 끝내는 무적의 남성활력 UP!,푸드
"딸기가 가장 맛있는 제철, 손바닥 가득! 향긋한 달콤함 대왕딸기 킹스베리",푸드
[앵콜X자신감] 마법의 파워 에너지 충전 #빡# physical LAB,푸드
"[살구가 이렇게 맛있는줄 몰랐습니다!] 후기확인필수, 고당도 만금살구",푸드
모든 남성들을 위한 특별한 활력템 [다비드],푸드
[링티 복숭아] 군의관들의 링거워터가 신제품으로 돌아왔습니다!,푸드
[40Kcal] 두부가 되는 진짜 두유가있다고? #서리태콩물두유 말차,푸드
"[17436% 앵콜] GAZM, 새로운 경험의 세계로 귀하를 초대합니다.",푸드
"[마지막앵콜] 1억5천 펀딩 신화, 활력의왕 세계의남자 아직도 안드세요?",푸드
"남성들을 위한 특별한 황홀템, 가즘 (GAZM)",푸드
[마지막앵콜] 쩝쩝박사의 맛으로 하는 식단관리 #단백질라떼,푸드
[앤베리] 과육이 씹히는 건강한 딸기콩포트. 365일 제철딸기를 즐겨요!,푸드
"[4326% 마지막앵콜] 술꾼, 알쓰 모두 주목! 소주1잔으로 하이볼을!",푸드
이제 다른 건 절대 못 먹을걸? #단백질20g #당류0g,푸드
이제 '당'백질바말고 진짜 단백질바 드세요! 고단백 고섬유질 [솔직단백],푸드
[40Kcal] 두부가 되는 진짜 두유가 있다고? #서리태콩물두유_말차,푸드
"인생유산균 | 월 9천원대 엄선된 원료, 정직한 가격의 프로바이오틱스",푸드
[최초공개] 청정 제주의 자연을 먹자! 1년을 기다린 올해 첫 #제주햇꿀,푸드
평균 당질량 8.3g 키토제닉을 쉽게 만들어주는 키토선생 저탄고지 도시락,푸드
평점4.9앵콜ㅣ8천원대에 만나는 우수원료 인생종합비타민,푸드
인생비타민ㅣ월 8천원대에 만나는 최상급 원료 종합비타민,푸드
[6078% 앵콜] 20년 복숭아명인의 과즙 '팡' 달콤크러쉬 황도&백도,푸드
"[한끼에 3,105원] 앵콜요청쇄도, 아워홈이 만든 극강퀄리티 도시락!",푸드
"[2.1억앵콜, 와디즈 1위 남성활력제품] 하루 600원대로 느끼는 활력",푸드
"헛개열매와 양배추의 딱 좋은 만남, 속까지 편안한 숙취해소 [헛배환]",푸드
마지막앵콜ㅣ월 9천원대에 만나는 엄선된 원료 인생프로바이오틱스,푸드
이렇게 극찬하실줄 몰랐습니다..지금 커뮤니티에 난리난 초콜릿 드셔보셔요!,푸드
"인생루테인&오메가3 | 우수한 원재료, 정직한 가격 인생으로 한번에 끝!",푸드
[1억6천앵콜] 치즈와 함께 돌아온 아이즈 프로틴바 !,푸드
[명절에 알아보면 늦어요] 후기극찬ㅣ1008시간 드라이에이징 스테이크,푸드
"[말차러버주목] 설탕은 빼고, 달콤함은 그대로! 슈퍼말차",푸드
"야생마는 지치지않아, 괴물같은 극강활력엔 [타이탄 블랙마카]",푸드
[리뷰만 4000개] 식단 관리하는 빵덕후가 매일 먹는 퐁신쫄깃 #오와플,푸드
카이스트 출신이 뭉쳐서 만든 남자를 위한 고농축 엑기스! [마카롱-EX],푸드
[서울대 연구진 개발] ASMR보다 나을걸? 편안한 밤을 위한 신개념음료,푸드
[5700%앵콜]#설탕쏙뺀 8kcal 탄산음료 #마시는샤인머스캣 샤인클링,푸드
설명이 필요없는 #카페마마스 시그니처 브런치ㅣ역대급 브런치를 집에서!,푸드
[단백질쉐이크 정착지] 이거 흑임자라떼아니야? 세상에 없던 고소함폭발,푸드
[3차앵콜]샤인머스켓 중에 가장 귀하다는 수출용 샤인머스켓을 경험해보세요,푸드
"[앵콜:후기꼭확인하세요] 보리굴비, 말린 생선이 이렇게 맛있다니...",푸드
[풍성함의 비결!] 4대 핵심성분으로 부작용없이 관리하세요.,푸드
[2억6천앵콜]녹지않는 얼음 쥬얼아이스,푸드
"콜라겐, 엘라스틴, 히알루론산 3가지 모두 담은 프리미엄 액상콜라겐",푸드
평점4.9앵콜ㅣ리얼 감량 후기 + 100만원 상금 미션 [리아퐁],푸드
"[23,872%앵콜] 모든 남성들을 위한 특별한 활력템, 다비드!!",푸드
[농심 앵콜/20분 완펀신화!] 세상에 없던 초간편 미래형 식재료,푸드
"[와디즈평점4.8앵콜] 꾸덕촉촉 저세상 텐션, 브라우니 같은 하루단백바!",푸드
[누적 1억 7천] 소주가 10가지 하이볼로 변하는 기적! | 이블,푸드
[안심당충 40kcal] 설탕은 쫙-빼고 풍미박살 바닐라빈 통째로 풍덩!,푸드
가장 추운 날씨에 더욱 진한 향긋함과 묵직함으로 돌아온 2화방 킹스베리,푸드
[4.9점 앵콜] 비싼 산양삼 이 가격에? 아침잠 깨우는 맛있는 습관,푸드
"[시즌 마지막 앵콜] 유럽 왕실초콜릿 마야니, 신제품 전세계 동시 출시!",푸드
찐아르기닌. 찐한 것만 골라담은 남자들의 진짜 에너지충전템 [헬시어스],푸드
[단 한알로 여름준비 끝!] 쉽고 빠른 체질 개선의 끝판왕★ 버닝클렌즈밤,푸드
"[첫펀딩 9천7백만원] 18세기 유럽 왕실 초콜릿 마야니,업그레이드 앵콜",푸드
[후기극찬]미리 준비하는 프리미엄 추석선물 1008 드라이에이징 스테이크,푸드
"[8160%펀딩]겉바속촉 구움만두,연탄불고기와 매운불김치맛으로 돌아왔다!",푸드
[마지막 앵콜] 남아공에서 1초에 하나씩 팔리는 전설의 루이보스 티,푸드
[6991%앵콜] 닭가슴살만큼 단백질이 많다고?! 119kcal 도넛!,푸드
"[1억 펀딩] 활력 있는 남자들의 비밀, 세계의 남자 아직도 안 드세요?",푸드
"18세기 유럽 왕실이 먹었던 바로 그 초콜릿, MAJANI 국내최초 출시",푸드
"[한정판체리] 초여름, 달콤새콤함이 톡!터지는 신품종 국내산 애플체리",푸드
추석전배송&안심리콜제ㅣ대한민국최고농업기술명인 [박용하 샤인머스켓],푸드
[추석 전 배송] 47900원에 수출용 특등급 샤인머스켓 2kg를 ?!,푸드
"식단관리, 빵으로 가능? 완전가능!! 숨쉬듯 먹는 가벼운 산소빵",푸드
[방탄커피 앵콜] '당 섭취'를 줄이고 군것질을 끊는 방법!,푸드
"[앵콜 한돈쪽갈비] 입소문만으로65억, 선 넘은 맛 '한돈쪽갈비'",푸드
튀김옷 연구만 6개월? 강력한 크런치튀김과 닭다리살의 완벽조화ㅣ더빠삭치킨,푸드
[2.5억펀딩신화] 이젠 뉴욕에서 날아온 단백질 스무디,푸드
[누적 1억 2천] 소주 1잔이 하이볼이 되는 기적 l 이지블렌드,푸드
마요네즈는 사랑이쥬? 듬-뿍 먹어도 걱정없는 마요네즈,푸드
"PT쌤이 허락한 유일한 갓성분 빵ㅣ숨쉬듯 먹는 ""산소빵""",푸드
"[2차앵콜] 이것은 캔디인가,옥수수인가? 초달달한 초당옥수수!",푸드
[6천만앵콜]비오틴과 비타민 가득! 맛있게 챙기는 이너뷰티 '핑크구미베어,푸드
[12040%앵콜] 카이스트 출신이 만든 남자를 위한 고농축 엑기스!,푸드
[5472%앵콜]멕시코 현지 유명 다이닝 셰프가 만든 프리미엄 과카몰리!,푸드
[와디즈최초]장인 정신이 깃든 디저트ㅣ대만에서 줄서서 먹는 에그롤,푸드
이런 맛과 식감은 처음이실걸요? 매콤게살크림맛과 빠삭한 만두피의 만남!,푸드
"[ 전설의 보리굴비 ] 와디즈1억8천 달성, 만족도 4.9 ! 후기확인필",푸드
[3차앵콜] 미친 달달함! 초당옥수수 안먹어본 사람 없게 해주세요!,푸드
맛있는 신개념 피로회복제 마시는 링거 #링티,푸드
[2556% 펀딩] 꿀이뚝뚝! 첫 수확 고당도 스테비아 수박 서리하세요!,푸드
★앵콜★1봉에 하루야채 풀충전! 채소부족 현대인을 구원할 상큼한 야채젤리,푸드
[농협최초진행] 국내산 재료! 김치찌개/부대찌개 ㅣ 5천원대,푸드
"[4,080%달성] 남아공에서 온 수제 프리미엄 육포, 블리스 빌통!",푸드
[후기♥]가장 맛있는 깔라만시 넬리 함량 UP :),푸드
설탕NO! 꾸덕함 UP! 평생 먹어도 걱정없는 인생 치즈케이크 #꾸치케,푸드
"(6500% 앵콜)귀찮은 남자들이여, 19가지 활력을 한 번에 채워라!",푸드
[2억5천 앵콜] 체질개선 꿈이 현실로! # 말라가는 기적의 풋사과!,푸드
[1억 앵콜] 하루에 양배추 한 통+매스틱 먹자! We는 양배추!,푸드
[CJ제일제당] 단짠바삭! 햇반의 못난이쌀과 콩비지로 만든 고단백 바삭칩,푸드
"[단독공개]기름까지 남김없이 드세요! 참치의 신세계, 올리브 바질 참치",푸드
"보리굴비, 말린 생선이 이렇게 맛있다니...",푸드
하루 600원대로 끝내는 남성 활력 충전! [마카+아르기닌+부추+야관문],푸드
소량한정! 만감류중 1등! 달콤함이 찐~한 올록볼록 신품종 제주 수라향!,푸드
[설날 전 배송] 당신의 고기인생은 쫀돼지를 알기 전과 후로 나뉩니다,푸드
★앵콜★눈건강 중심부 답을 찾다! 루테인이 아닌 루테인 지아잔틴입니다!,푸드
"바르닭으로 만든 34가지 닭가슴살, 만두부터 떡갈비맛까지! 골라먹는재미",푸드
"[앵콜/아르기닌 폭탄] 이거 한 잔이면 끝! 하루 340원, 에너지 충전",푸드
[2차펀딩] 죄송합니다. 마음껏 드릴 수 없어서 1년중 딱! 지금입니다!,푸드
[평점5.0앵콜]달달한데 건강해?남녀노소 홀딱 반한 저세상 요거트 컴백!,푸드
닭가슴살만큼 단백질이 많다고?! 설탕 DOWN 119kcal 달콤도넛,푸드
"[만족도/4.9 앵콜] 알아서 쏙 빠지는, 초간편! 공주 군밤용 칼집밤",푸드
[후기♥]가장 맛있는 깔라만시 넬리가 돌아왔어요:),푸드
[3억펀딩/남성활력/마지막앵콜/평점4.8] 추석 전 배송보장!,푸드
"[4,400%앵콜] 백만곡물발효효소100 컴백! [대용량,고함량,가성비]",푸드
[누적3억7천] 칵테일 위스키의 생명 녹지않는 명품얼음,푸드
껍질이 홀라당! 간편한데 크고 맛까지 좋은 국산 신품종 군밤용 칼집밤!,푸드
[골드 미트]이번 추석은 FLEX 해버렸지 뭐야. 골드 등급 와규스테이크,푸드
"[1억앵콜] #설탕쏙뺀 8kcal 탄산음료, 리얼 복숭아 피치클링!",푸드
10초완성! 든든하지만 누구보다 가벼운 한끼 [크리티칼 오트 프로틴밀],푸드
[누적1억펀딩 제주꿀수수] 초~달아서 초당! 옥수수가 이렇게 달았다고?,푸드
"[단백질바 1억] '치즈베리'로 돌아온 꾸덕촉촉, 브라우니같은 하루단백바",푸드
[앵콜] 다 퍼먹어도 사과 한 조각! 34kcal 퍼먹잼 컴백~,푸드
[설날선물] 애주가를 위한 겨울 애플사이더! 오크랜드 #집콕 #홈술필수템,푸드
"티 소믈리에가 직접 만든 왕실전통차로 당신의 하루를 시원하게, 천명차",푸드
"[세계의 남자] 귀찮은 남자들이여, 19가지 활력을 한 번에 채워라!",푸드
"쫀득쫀득 찰진 속살, 꿀 과즙 뚝뚝. 여름을 함께할 3가지 찐 복숭아",푸드
"[홍차브루커피_리필앵콜] 사장님, 커피에 도대체 무슨짓을 하신거에요?",푸드
땀흘리며 굽지 마세요! 3분완성 숯불향 가득 [예의바른 숯불돼지갈비],푸드
[손노귤 모집] 5개월동안 5종류의 제주 감귤을 맛볼 수 있는 구독서비스,푸드
"⭐️꾸덕촉촉⭐️이세상 텐션이 아니다! 브라우니 같은 단백질바, 하루단백바",푸드
[3차 앵콜] 바삭함이 취향저격! 돌아온 리너지바 (feat.오비맥주),푸드
3차앵콜 [역대급 단백질쉐이크의 비밀] 이것만 찾게 될꺼야,푸드
"[뷰티니]콜라겐으로 만든 예뻐지는 아이스크림, 이렇게 맛있을 수 있어?",푸드
"[CJ제일제당] 세상에 없던, 맛있는 고단백 고칼슘 100% 식물성 음료",푸드
★꿀수수★옥수수가 이렇게 달다고? 초~달아서 초당옥수수!,푸드
"[육즙이 좌르르, 진짜고기 뺨쳤다] 상상초월 식물성고기의 등장, 언리미트",푸드
[올레마켓 X 팔도] 제주 돌문어 딱새우 라면 '문딱라면',푸드
★2억앵콜★ 이번엔 방탄말차다! 간헐적 단식과 딱맞는 제주도 방탄말차!,푸드
4대를 이어가는 대전 명물 사리원에서 만든 미친 식감 #이북식 인절미떡!,푸드
"[누적펀딩 10,106%] JMT 단백질라떼 출시 #단백질20g#당류2g",푸드
[누적3.5억] 제주도에서 매달 받는 프리미엄 제철 귤 5종 구독,푸드
"[누적10000%] 올 여름 유행 패션후르츠, 마법의딸기의 새로운 도전!",푸드
"[딱 7일 앵콜] 중심이 서 있는 남자를 위한 영양 충전, 마르문",푸드
"[맛있는건 퍼-먹자] 뜯는 순간 완통 보장! 지중해 만능요리, 그릭후무스",푸드
"새해엔 관리한다면서요! 칼로리혁명 <잘 빠진 저지방 식사, 마이밀Fit>",푸드
[7차 앵콜] 고품격 추석선물로 딱! 힘 불끈 한방 풍천 장어,푸드
[추석 전 배송완료]활력이 UP! 가격이 DOWN! 철갑을두른듯 환,푸드
20년 복숭아장인의 달콤크러쉬 황도와 아삭 달달백도(+안심리콜제),푸드
[식물성프로틴바] 18g 단백질로 건강하게 채우는 당신의 하루,푸드
"새콤달콤100%!! 맛있고 건강한 탄산음료, 여름엔 넬리 :)",푸드
[4.8점] 가볍게 여름나기 | 나를 위한 10초 습관 지금 시작하세요!,푸드
다 퍼먹어도 사과 한 조각! 설탕제로 34kcal 퍼먹잼 탄생 #당류2g,푸드
프로틴? 식사대용식? 난 둘 다! 뚜껑만 따면 되는 <프로틴유 곡물맛>,푸드
쌀 때 펀딩해서 비쌀때 선물하자! LA꽃갈비 효도선물세트!,푸드
오늘마감★ 1봉으로 하루 야채 끝!채소부족 현대인을 구할 상큼한 야채젤리,푸드
"[2억4천 펀딩] 활력 급속 충전, NEW 세계의 남자 익스트림",푸드
[홍차브루커피 업글앵콜] 누적1억!! 커피에 도대체 무슨짓을 하신거에요?,푸드
격이 다른 특별한 추석선물 프리미엄 수출용 샤인머스켓으로 마음을 전하세요,푸드
게임 속 '포션'이 현실로? 마시는 멀티 비타민 '비타카페',푸드
(7800%앵콜) 아직도 세계의 남자 안드세요? 활력의 왕좌 세계의 남자,푸드
"[연말배송] 알콜러버들을 위한 연말 최고의 선물, 저세상 힙 알콜키트",푸드
"2억 앵콜/ 올여름 책임질게요! 쟁이세요, 홍차브루커피 짐승용량 리필팩!",푸드
[2차펀딩]꾸덕고소의 매력 '딸기두유치즈' 유지어터를 위한 건강한 디저트,푸드
라라스윗 : 한 통 다 먹어도 240kcal! 건강한 아이스크림 [앵콜],푸드
[설전배송]7분조리!쿠커씨 수비드 순살 소갈비찜!미친 부드러움,푸드
[ 웨이팅 맛집 ] 안양에서 가장 유명한 호랑이굴 한우대창전골,푸드
"#설탕쏙뺀 8kcal 탄산음료, [마시는 샤인머스캣] 리얼과즙 샤인클링",푸드
[빙그레 최초공개] 어른이들을 위한 0kcal 알콜프리 맥주향 탄산수,푸드
<밀크티 성지> '오렌지리프'의 노하우 대공개 - 밀크티 시럽 5종,푸드
"[버닝그램] 20배 고농축+8가지 원료를 한 번에, 깜짝 놀라실걸요!",푸드
[선착순 700명 한정] 1.9억 펀딩 유럽왕실초콜릿 마야니 신제품 출시,푸드
[ 알코올을 물로 배출 !? ] 숙취해소계의 혁명 알디콤,푸드
[4.9 앵콜! 저세상 쫀득꼬끄] 당과 탄수까지 줄인 저탄수 마카롱,푸드
아보카도70% 멕시코 현지 유명 레스토랑 셰프가 만든 프리미엄 과카몰리!,푸드
"[추석전 배송] 47,900원에 수출용 특등급 샤인머스켓 2kg를?!",푸드
[삼양식품/최초런칭] 맵덕후 최애템 #불닭 이 분식으로 와디즈 상륙!,푸드
[앵콜/프로육식러에게 바침]야채대신 고기로 1.5인분 꽉 채운 개념왕갈비,푸드
"[평점 5.0 마지막 앵콜펀딩] 임상완료, 젤리다이어트 체중감량 이벤트",푸드
<월간과일-복숭아> 14종의 복숭아를 가장 맛있을 때 드세요.,푸드
"[라떼에 카페인이 없다고?] 무카페인, 1/4칼로리의 '사기라떼' 등장!",푸드
<월간과일-자두> 우리나라 대표 자두 6종을 가장 맛있을 때 드세요.,푸드
"두유노니?ㅣ신이 내린 열매 노니, 이제 [노니두유]로 맛있게 즐기세요",푸드
30법칙으로 굶지 않고도 S라인으로? #다이어트 #체지방감소,푸드
커피 충전? 3초 컷!ㅣ쏟을 일 없는 고체 커피 '코바 커피바',푸드
"[맛있는 음식앞에 불행한 사람 없다] 맛있는 저열량 도시락, 밀프렙 6종",푸드
[4557%앵콜] 딸기청은 역시 마법의딸기! 정기배송으로 맛있는 딸기생활,푸드
★마지막앵콜★ 평냉족이 사랑하는 진짜 평양냉면 드셔보셨나요?,푸드
"의사가 맛있게 만든 피부건강 레티놀[한달만원대]유해물질(자외선,먼지)그만",푸드
"[만족도 4.7 | 추석전배송] 갈비 명가 왕비집, 어벤져스로 돌아오다!",푸드
[너만 몰랐던 단백질] 단백질 프로틴볼로 바삭함까지 더한 고단백 쉐이크,푸드
"매일 챙겨가고 싶은 집밥, 프리미엄 한식바 [매일한끼바]",푸드
"[3차앵콜] 고품격 설선물, 수출용 샤인머스켓",푸드
손님들의 극찬! 집에서 만드는 일본 정통 혼술안주 [파랑새 테바사키],푸드
들어는 봤니? 육수에 말아먹는 국물형 온쫄면/냉쫄면,푸드
[5.0 앵콜! 저세상 쫀득꼬끄] 이젠 칼로리까지 낮췄다! 사그램 마카롱,푸드
송지효 PICK! 피부보습부터 자외선 케어까지 되는 진짜 콜라겐,푸드
[유기농 인증] 프리미엄 복숭아가 왔다! 복숭아 중 최고 대극천복숭아!,푸드
'당 섭취'를 줄이고 군것질을 막는 방법 ! 실리콘밸리 방탄커피 !,푸드
"[2차] 난 달라, 체질부터 개선하니까! #풋사과야 너를 믿어~",푸드
"찐 콜라겐 삼총사+여신의 과일 패션후르츠, 특별한 이너뷰티 플렉스!",푸드
"[2차앵콜, 하루 100원]저분자피쉬콜라겐, 현명한 콜라겐 선택 비법공개",푸드
1008시간 드라이에이징! 이제 다른 고기 못 먹어요~,푸드
[한국 독점] 이탈리아 현지인끼리만 먹는 감베로 로쏘 최고의 올리브 오일,푸드
"[혈당이 고민이라면 주목] 하루 1알, 식후 혈당 낮추는 <혈당그램>",푸드
"[김치품평회 대상] 국민 김치의 품격을 만나다, 제주남현김치",푸드
"[추석선물왕,평점5점+3억앵콜] 귀한분을위한 VVIP숙성한우선물세트",푸드
모던 차이니즈 더라운드에서 야심차게 준비한 라조장!,푸드
오직 황제만 먹었다는 1% 부위ㅣ고단백/우리소 육우 토마호크를 소개합니다,푸드
[과일은 제철에 먹어야죠] 강원도에서 수확 즉시 배송되는 4가지맛의 사과,푸드
<첫 출하>탐스러운 초고당도 대왕 샤인머스켓I 40년 농업마이스터 보증,푸드
"감량인증 환급이벤트ㅣ집콕에 느는 체중 걱정엔, 맛있는 다이어트친구 리아퐁",푸드
[평점 4.8] 세상에 이렇게 쫀~득하고 퐁신한 #식단관리 쌀 베이글,푸드
"[5000% 앵콜]하루 100원 저분자피쉬콜라겐, 콜라겐 선택 방법 공개",푸드
대세는 홈마카세! 단돈 5만원대에 집에서 즐기는 오마카세.,푸드
"[새해다짐] 버킷리스트 달성, 다음 주인공을 찾습니다 | 블랙아미노워터",푸드
[100% 독일 완제품] 프리미엄 알티지오메가3 꼭 챙겨드세요!,푸드
"[앵콜] 칼로리는 가볍게, 맛은 돼지롭게! 스키니피그 아이스크림!",푸드
[비타민의 틀을 깨다] 후기로 증명하는 블루 스피루리나 x 멀티비타민,푸드
명란 좋아하세요? 그렇다면 빨간색에 속지 마세요.,푸드
"앵콜쇄도에 응답해 돈까스 5대장이 재림하셨다! <2,551%전설의쿡카츠>",푸드
[4억펀딩]이렇게 맛있는데 8kcal? 리얼과즙 블랙베리&딸기 베리클링,푸드
[국내산소고기] 담백쫄깃 육향가득! 맛있는 수제 주먹 육포의 유혹,푸드
"[누적 2억 신화] 이번엔 모부심이다! 맥주효모, 비오틴 등 95%함량",푸드
"[앵콜 #깨끗함+1] 20대 한알! 나이, 상태에 맞춰먹는 착한 콜라겐",푸드
"[속보] 설탕이 아니어도 맛있어, 아이도 어른도 홀딱 반한 요거트 나타나",푸드
빠르고 간편한데 찐-하고 든든한 한 끼 [진짜 유럽식 가정스프],푸드
[만족도4.9 활력템] 비타민 가득 아르기닌! 맛있어서 깜짝 놀라실걸요?,푸드
[4억펀딩신화] 문제는 칼로리가 아니라 '당'이다! 설탕제로 아이스크림,푸드
[앵콜] 처음 맛 본 제대로된 인생 참치회,푸드
●달의 몰락●나트륨 달덩이를 부숴버릴 어벤저스급 슈퍼 호박정(앵콜),푸드
[누적 3억 펀딩 신화] 이번엔 설탕대체재다! 키토 알룰로스로 바꾸세요!,푸드
크리스마스 전 배송ㅣ딸기덕후들이 인정한 화제의 딸기청 [마법의딸기],푸드
[평점5점 전설의 맛] 황제만 먹었다는 1% 부위ㅣ고단백 육우 토마호크,푸드
"[한 끼 든든] 오모리가 제대로 만든 도시락, 오모리 집밥! 최초 런칭",푸드
카페인에 찌든 현대인을 구할 단하나의 방법 #톡 털어먹는 총명템&비타민C,푸드
"[설날전배송] 와디즈서포터 3,000명이 선택한 보리굴비, 후기확인필!",푸드
"[효소 끝판왕] 백만 곡물발효효소100이 딱! [가성비,대용량,고함량]",푸드
[2만원대에 즐기는 참 쉬운 곱도리탕] 한우소대창과 닭도리탕의 만남!,푸드
"[홍차브루커피 신상앵콜] 사장님, 커피에 대체 무슨 짓을 하신 거에요?",푸드
[깃털식사] 포만감이 부담스런 당신에게 | 간편 대용식의 새로운 패러다임,푸드
"이 맛있는 걸 모르고 살았다고요? [미식 끝판왕, 올리브 마리네이드]",푸드
[소왕갈비가 이 가격에?] 갈비 미식 여행의 끝 #왕비집 소왕갈비&한돈,푸드
"[술꾼, 알쓰 다모여~] 단 10초면 소주1잔이 하이볼이 되는 기적",푸드
[4차펀딩] 저세상 달달함! 초당옥수수 안먹어본 사람 없게 해주세요!,푸드
미친맛! 삼겹살먹고 눌린 김치볶음밥을 긁는 당신에게feat칭따오 논알콜릭,푸드
[앵콜] 남성들이여 일어나라! '선두'로 원기회복을 간편하게!,푸드
[미녀약사가만든]와디즈최초 오르니틴함유 아르기닌! 그냥 아르기닌은 가라!,푸드
[3883%앵콜] 그린커피빈으로 올 여름 체지방 관리 시작! #빠지리카노,푸드
[2019년 신년계획 : 다이어트] 감량공식이 도와드립니다.,푸드
[앵콜] 내 몸을 위한 체질개선 선물 #풋사과야 너를 믿어~,푸드
[1.5억 펀딩] 하루에 양배추 한 통씩 먹자! [1위 양배추환],푸드
1분만에 100배 맛있어진다? 풍미치트키 양파 카라멜라이징!!,푸드
"쫄깃함에 한번 매콤함에 두번, 한국인 취향 저격<원조대박불쭈꾸미>",푸드
커피원액으로만 1억6천 펀딩! 난리난 그 커피가 앵콜과 선물세트로 왔슈~,푸드
[7155% 앵콜] 당신의 고기인생은 쫀돼지를 알기 전과 후로 나뉩니다,푸드
보이지 않는 곳까지 섬세하게 챙겨주는 '본질적인 유산균',푸드
[빵만준비하세요] 트러플오일이 듬뿍! 풍미 박살 <풍기페스토>,푸드
아직도 유산균만 챙겨드시나요? 유산균의 먹이 프리바이오틱스도 챙겨드세요!,푸드
한 겨울의 빨간맛. 돌아온 오오야의 '매운 스지 어묵탕',푸드
"[두유노..죙..?] 고추장 베이스의 코리안 핫소스, JANG!",푸드
#평점4.5 '맛있어서 순삭' 당을 1/5로 줄인 초저당 식단관리 도시락,푸드
"[2,903%앵콜] 랍스터와 해산물을 4만원에? 풍미작살 랍스터바스켓!",푸드
[단백질21g] 쫀득~꾸덕 죄책감없는 고단백 초콜릿 범벅 <우주담백바>,푸드
월간과일 복숭아편 1탄 - 초 여름을 열어줄 희귀복숭아 2종 맛보기,푸드
에어프라이어로 텐동을? 1인분 7900원 에프텐! 떡볶이와도 찰떡궁합!,푸드
"단백질 17g을 먹는 가장 맛있는 방법! 쉐이크홀릭 ""바나나맛 우유""",푸드
[2차앵콜] 인생참치회 (한정펀딩 참치특수부위 뽈살),푸드
[1949%앵콜/한정수량] 소고기처럼 먹는 초 프리미엄 돼지고기,푸드
[남아공에서 온 수제 전통 빌통] 이게 진짜 프리미엄 육포!,푸드
"[탄산 정착지] 건강과 맛을 잡은 신개념 저칼로리 탄산음료, 라이블링",푸드
달콤한 백도 맛! 털 없는 신비복숭아,푸드
[세상 힙한 와인안주!] 존쿡 델리미트 정통 이탈리아식 까챠토레 신상3종,푸드
남성들이여 일어나라! '선두(仙豆)'로 원기회복을 간편하게!,푸드
[랜선빵켓팅] 1분컷 마감 압구정 우나스의 바스크 치즈케이크를 만나보세요,푸드
"[밀가루NO,글루텐NO] 건강한 '진짜' 쌀 냉면, 흑미냉면",푸드
[업그레이드 컴백] 가슴까지 시원한 '진짜' 평양냉면 드셔보셨나요?,푸드
"필요한 만큼만 깔끔하게, 환으로 먹는 신개념 카페인! 포커스 카페인",푸드
"[Dr. 빌헬름 홀잡펠] 물에 타먹는 유산균, 위드워터 출시!",푸드
[평점4.9앵콜]지금까지 이런 초콜릿은 없었다! #당류0g #무설탕초콜릿,푸드
[마지막 앵콜] 장어 51배로 꽉채운 강한 남자를 위한 고활력제품 왕선생,푸드
[세젤예 추석선물] 보리굴비 이렇게 예뻐도 되나요? 연잎 덮은 보리굴비!,푸드
[국내산 약콩두유] 코코랩이 하면 다릅니다.,푸드
'탄수화물 OUT'! 뜯기만 하면 완성되는 초간단 방탄커피,푸드
[앵콜] '설탕 OUT!' 뜯기만 하면 완성되는 초간단 방탄코코아,푸드
[5196%앵콜] 손님들의 극찬! 나고야 테바사키 & 튤립 가라아게 세트,푸드
"[유럽 대란템] 올 여름, 내 몸을 가꿔 줄 2kcal 과일 워터!",푸드
[마감앵콜/한정수량] 3일만에 마감됐던 <고부시> 모츠나베가 돌아왔습니다,푸드
[1억펀딩신화] 인생참치회 (특수부위 : 배꼽살편),푸드
[120만 조회수] 티라미수 식감의 미경산 한우로 추석 선물 준비하세요!,푸드
[업글앵콜] 커피원액으로만 2억펀딩! 사장님 도대체 무슨짓을 하신거에요?,푸드
[앵콜] 슈퍼-스윗 고당도 프리미엄 수출용 샤인머스켓,푸드
"[평점5점의대귀환] 위장까지 초코로 물들일 무시무시한 초코템, 악마초코",푸드
[5436%앵콜]<월간과일 복숭아-2탄> 7월 가장 맛있는 복숭아 3종!,푸드
"[쫀득짭짤+풍미박살] #명란덕후를위한 알꽉찬필살기, 조선명란 납시오",푸드
"쫀득쫀득, 폭신폭신! 믿을 수 없는 비건파운드케이크, 디어브레드",푸드
"[앵콜] 남자의 힘, 활력 되찾고 싶다면? 낮이밤이 남자를 위한 베리굿밤",푸드
[콜드브루맛] 맛없는 다이어트로 고통받는 당신을 위한 구원템 #빠지리카노,푸드
"혈관까지 노랗게 물들일 ""진짜 단호박라떼""",푸드
이게 바로 치이이이이즈스틱ㅣ치즈랑 불고기피자 꾸겨넣은 역대급크기 치즈스틱,푸드
영웅의 힘을 탐하다! 남성활력 아르기닌 '아르맨',푸드
"[ 발렌타인 한정 ] 마카롱계 색감깡패의 귀환, 신사동 헤이미 마카롱",푸드
[체리+자두] 체리?자두? 두과일이 합쳐진 7월 한정 신품종 나디아자두!,푸드
이런대게 본사람? 제철대게 살수율 대박 놓칠수없는 가격,푸드
매일 1일 1달콩 하자! 고단백 콩의 영양과 초코의 달콤함이 듬뿍!,푸드
집에서 즐기는 광화문 맛집 '힐사이드테이블' 두유치즈 샌드위치 밀키트,푸드
[3차앵콜] 더할 나위 없이 완벽하다! 프리+프로+포스트로 와디즈 평정!,푸드
처음 보는 키토제닉 도시락 KEPLE! 문제는 칼로리가 아닌 탄수화물이다,푸드
[특허원료] 편안한 휴식을 위한 무드나잇 타트체리,푸드
밥도둑! 이것이 명란이다! 염도 2%대 무색소저염명란 !NO아질산 나트륨,푸드
[이것이 꿀당도 뀰! 1억4천 펀딩 신화] 제철 초고당도 방수재배 감귤,푸드
[홍차브루커피 앵콜] 누적 1억4천! 커피에 대체 무슨짓을 하신 거에요?,푸드
"[연어, 이젠 속지마세요!] 유자로 숙성한 '80시간 비법숙성연어'",푸드
"복순도가 I 드디어 돌아왔습니다! 전통 한국 와인, 달콤한 <과하주>",푸드
"[앱런칭 기념] 약사가 만든 1일 1포 면역 멀티팩, 아약 이뮨",푸드
[제주 대왕 은갈치] 그냥 은갈치도 JMT인데 대왕이라고?,푸드
[체질개선] 유지어터 꿈이 현실로! #풋사과야 너를 믿어~,푸드
[5.0만점/극찬의 앵콜펀딩] 키토유니짜장ㅣ칼로리 부담없이 맛있게!,푸드
"[4.8점 앵콜] 코코넛 함량 97%, 프리미엄 코코넛잼, #모어코코",푸드
'홍차브루커피' 난리가 났어요~ 도대체 무슨 맛 이길래???,푸드
[만족도 4.9 l 4000명의 선택] PT쌤이 설계한 맛있는 식단관리,푸드
[1억펀딩앵콜] '소오름! 숙성한우 너무 맛있어요!' 후기 확인 필수,푸드
활력왕이되려면! 초고함량 아르기닌 활력부스터 왕의비책,푸드
커피에 홍차를 블랜딩했더니 1억8천! 이번엔 디카페인 홍차브루커피!,푸드
"[5회연속 대박] 1천명이 먹고 모두 감탄한 돼지고기, 백갈비&가브리살",푸드
[남자의 4대 성분 폭격기] 심플하게 활력 폭발: 심플리커,푸드
[1457%앵콜펀딩] 차세대 유산균 장착! 유산균 끝판왕 is Back!,푸드
[3700만원 앵콜] 추석 선물로 딱! 귀족포도 샤인머스켓,푸드
"[설탕 0g] 58Kcal로 맛과 건강까지?! 식물성 ""리얼"" 아몬드라떼",푸드
[2억앵콜+4.9점]홍차브루커피 새로운맛 카라멜갤럭시! 역대급 커피탄생~,푸드
"한의사가 242회 성분배합한 끝에 완성된 쾌변, 락사 그래뉼",푸드
[동양의 에너지드링크] 그래뉼 공법으로 만든 특별한 쌍화차,푸드
[악마는담금주를마신다] 소믈리에가 극찬한 한국의 예술 #ALIQR,푸드
"[업템포X바디프로필] 2021년, 인생몸매 주인공을 찾습니다 I 퓨어워터",푸드
"[10249% 앵콜] 찐텐으로 인정받은 남자들의 찐에너지충전템, 헬시어스",푸드
"[설선물배송] 2억 펀딩, 제철 고당도 제주 레드향, 1년을 기다린 앵콜",푸드
[깨끗함+1상승] 20대 한알! 난? 피부나이 만큼 먹는 맛있는 콜라겐,푸드
[만족도5.0 l 4068% 달성] 세상 힙한 와인안주! 까챠토레 플래터,푸드
[떡볶이 정착지] 57년 떡 방앗간 노하우! 인생 떡볶이를 맛보세요!,푸드
남아공에서 1초에 하나씩 팔리는 전설의 루이보스 티를 즐겨보세요!,푸드
[인생 민트] 뉴욕에서 이미 난리난 초콜릿! 시그니처 민트초콜릿 4종,푸드
[3차*앵콜] 텍사스 훈제향 가득한 스모크 스테이크!! /구정 선물 세트,푸드
한국판 납작복숭아가 와디즈로! 집에서 직접 즐기는 대극천복숭아,푸드
[2차 앵콜 I 6241% 달성] 홈파티를 꽉 채울 #자이언트립,푸드
"백도vs황도, 취향따라 골라먹는 복숭아! 당신의 선택은?",푸드
[역대급 단백질쉐이크의 비밀] 이것만 찾게 될꺼야!,푸드
"[앵콜펀딩] 이제는 빼기로 약속해, 식후 딱 2정으로 여름맞이 다이어트",푸드
[히알루론산+비타민] 피부고민? 하루 한 포로 채우는 피부 건강!,푸드
#미국3대스테이크W사 국내 런칭 대표의 프리미엄 스테이크 맛을 집에서?!,푸드
"그 비싼 생양갈비, 집에서 풍성하게 즐기기 by 실버스푼",푸드
"[1등급한우] 건강한 단짠 양념구이, 더머글 생활한우",푸드
[프로틴입문자] 고소함 종결자! 진짜 맛있는 단백질 <핏콩 인절미라떼>,푸드
[초코덕후주목]지금까지 이런 초콜릿은 없었다! #당류0g #스테비아초콜릿,푸드
"[앵콜] 월 3천원대 미친 가성비, 착한 비타민ㅣ하루100원으로 활력업!",푸드
[앵콜] 400kg 급 괴물 점보 마구로 (인생참치회 / 한정),푸드
[그리너리밀] 세상에서 가장 가볍고 배부른 순식물성 클렌즈 도시락,푸드
"강화도 필수맛집 l 제대로 입소문 난 ""찐""보리굴비, 추석 선물세트!",푸드
[핏콩의 띵작] 이제는 끼니를 때우지 말고 채우세요! 마음든든 에너지바,푸드
[과자계의 테슬라] 씹는 순간부터 신세계 땡큐프로틴볼,푸드
믿기지 않는 쫀쫀함! 38년 요거트 장인이 만든 <단백질 두유 요거트>,푸드
[평점 5.0 앵콜/한정수량] 서포터들이 극찬한 <고부시> 모츠나베,푸드
배달음식도 비타민밥상으로ㅣ뿌려먹는 믹스타민 멀티비타민 '비타위드밥',푸드
"[평점 5.0 앵콜] 줄서서 먹는 남대문 맛집, 금성관 나주곰탕",푸드
무슨 술이 이렇게 맛있어? 진짜 사과 100% 달콤청량한 애플사이더!,푸드
[2분완성!] 감탄사를 연발하는 겉바속촉 이탈리아 전통 만화고기 포르게타,푸드
달콤담백 6가지식감 마법디저트! only 33칼로리? <스모어 오갓멜로>,푸드
"[3차 앵콜]남자의 불꽃텐션! 에너지만렙의 비밀, 찐아르기닌 헬시어스!",푸드
찰리와 초콜릿 공장에 나올 법한 신기한 초콜릿이 실제로 존재한다면?,푸드
[앵콜]서포터님과 함께 숙성하는 건조숙성 스테이크(only.살치살),푸드
[설탕 OUT!] 맛은 진하게 칼로리는 가볍게! 제주산 진짜 말차스틱,푸드
뉴요커 선정 죽기 전 꼭 먹어봐야하는 아이스크림ㅣ블루마블 유기농아이스크림,푸드
[추석전배송] 쫀득~꾸덕 끝판왕! 15년 장인이 만든 쫀떡쫀떡 로투떡!,푸드
[초고스펙] 함량이 다른 오메가3! EPA+DHA 무려1100mg,푸드
[피자마루] 치팅데이 급발진을 막아줄 <밀가루 1도 안 들어간 피자>,푸드
[9179% 앵콜!] 손님들의 극찬! 나고야 테바사키 & 튤립 가라아게,푸드
[평점4.8] 탱글탱글 신선함! 제철에 돌아온 달콤한 국내산 생블루베리!,푸드
[산지직송] 이보다 더 신선할 수 없다 | 초신선 가을 꽃게,푸드
숙취 경험 만랩 미녀 개그우먼 박나래의 숙취해소 비책 - 나래의 주첵,푸드
글로벌 대회에서 1위한 올리브 오일을 소개합니다ㅣISUL Premium,푸드
"건강한 몸 이너뷰티부터, 속 편한 유산균 젤리 l 당류0%, 지방0%",푸드
"뭐야, 귤이 왜이리 빨개?! 제주에서 나고자란 빨간귤 '썬레드'",푸드
[후기대박/앵콜] 설탕없이 달콤한 인생티ㅣ티전문가가 만들었어요!,푸드
한정수량ㅣ특별한 이들과 나눌 특별한 술ㅣ연말 술자리를 빛낼 묘주&랑주,푸드
[평점 4.9 앵콜] 꾸덕~쫄깃 국내산 쌀면으로 만든 들깨쌀칼국수,푸드
지금까지 경험해보지 못한 인생 참치회,푸드
[이제껏 본 적 없는 명품 돼지] 제주 LYB돈을 소개합니다.,푸드
[프로육식러에게 바침]야채대신 고기로 1.5인분 꽉 채운 '개념' 왕갈비,푸드
"[3,677명의 펀딩요청쇄도]스르륵 쾌변! 모닝푸 쾌변환750이 뭐길래?",푸드
만족도5점의 앵콜펀딩! 인공지능으로 키운 프리미엄 돼지고기,푸드
"10초 완성, 얼그레이 밀크티베이스",푸드
[당일생산 당일출고] 꾸덕달콤상큼! '과일'그릭요거트는 처음이시죠?,푸드
"[앵콜 복숭아] 61년 땀방울로 만든 노하우, 조동준 복숭아 소개합니다!",푸드
#풋사과야 너를 믿어~,푸드
[3차앵콜]서포터님과 함께 하는 건조숙성 스테이크(와규&프라임),푸드
"★제주귤앵콜★2탄,천혜향! 잘익은 제철에 골라 보내는 만족도 최고 제주귤",푸드
"[급이 다르다] 탱탱한 식감, 당신의 인생 쭈꾸미 볶음",푸드
<하루 964원>으로 '다이아몬드 과일' #타트체리 33알 먹는 법!,푸드
"라면 먹고 싶은데, 속은 편하고 싶을 때. 쌀이라면?",푸드
쫀득함에 한번 매콤함에 두번 반했다. 맛있게 펀딩하자!<매울 신 쫀드기>,푸드
"[""ALL"" 풍성한 일상 시작] 하루 한 알 비올틴!",푸드
[제주귤레드향] 잘 익은 제철에 골라 보내드리는 만족도 최고 겨울 과일,푸드
"세계최초 100% 식물소금, #파이토솔트",푸드
"대만 현지의 맛을 제대로 살렸다! 내가 찾던 바로 그 맛, 천일당 딤섬",푸드
"100% 견과류로 만든 천사의잼, 디어넛츠! 건강한 한 스푼 어떠세요?",푸드
냉해동 필요없는 혁신적인 실온보관 닭가슴살!,푸드
[4.9 앵콜! 저세상 쫀득꼬끄] 당과 탄수까지 줄인 순탄수사그램 마카롱,푸드
【건강하고싶어?】맛+포만감+간편함까지 다 잡은 괴물 건강식! 그래잇키트,푸드
[4억펀딩] 탄산혁명! 오렌지와 유자를 품고 돌아온 8kcal 라봉클링,푸드
●달의 몰락● 나트륨 달덩이를 부숴버릴 어벤저스급 슈퍼 호박정 등장,푸드
"[단백질쉐이크]우리는 깐부잖아, 좋은 건 나눠 먹는 친구 말야!",푸드
[와디즈최초공개] 드디어 나왔다! 진짜 연탄불에 한땀한땀 구운 순살족발!,푸드
[4.8천 앵콜]설 전 배송 망고맛 샤인머스켓I단단 아삭 겨울당도 최고조,푸드
"와디즈 최초, 참외와 멜론의 풍미가 살아있는 DOK막걸리",푸드
'황금'양념 소갈비의 귀환ㅣ1만 시간의 연구로 찾아낸 부드러운 소갈비,푸드
[립러버주목] 살밥에 취한다! Butter 품은 #자이언트립 플래터,푸드
[만족도5.0 I 3127% 달성] 후기만 봐도 펀딩각 #자이언트립,푸드
"[전설의 양갈비, 3차 앵콜] 그 비싼 생양갈비, 집에서 풍성하게 즐기기",푸드
2억앵콜/ 디카페인 커피가 이렇게 맛있으면 반칙입니다!(무료샘플 시음중),푸드
[마지막4차앵콜] 조화롭다.강력하다.맛있다! 유산균 끝판왕 티.오.피!,푸드
[만족도 5.0 | 설전배송] 서울 4대문 갈비 명가 왕비집 / 선물세트,푸드
[2억신화.앵콜] 내 몸을 위한 체질개선 선물 #풋사과야 너를 믿어~,푸드
10335%3차펀딩 | 15g용량UP 산양삼꿀단지! 달콤 건강한 추석선물,푸드
[두께5mm 밀가루0g]강릉산 생감자칩 포파칩으로 치맥 말고 칩맥 하세요,푸드
"[5436%앵콜]<월간과일 복숭아-3탄>최고의 맛, 한여름 복숭아 3종!",푸드
[실검1위] 귀리 100%로 만든 107kcal 완벽 식단관리 시리얼,푸드
[4차 앵콜] '밀크티 성지 오렌지리프' 겨울 한정맛 밀크티 베이스,푸드
"[앵콜] 늙은 호박이 가득! 호박젤리""더 반쪽"" 나트륨은 이제 굿바이!!",푸드
[5억앵콜/평점4.8] 당을 쏙 뺀 #설탕제로 아이스크림! 키토스노우!,푸드
[홍차브루커피_업그레이드 앵콜] 커피에 도대체 무슨짓을 하신 거에요?,푸드
[설전 배송] 진세노사이드 200mg 가득담은 진짜홍삼 신비,푸드
후기 4.9 | 매일 SOLD OUT | 업그레이드된 그릭요거트 맛집!,푸드
단 거? 참지말고 아무데나 뿌려요! 한통 다먹어도 20kcal 무설탕시럽,푸드
"⭐️애주가를 위한 정통 막걸리⭐️ 걸죽하고 진하다, 프리미엄 탁주",푸드
"[후방주의] 중심이 서 있는 남자를 위한 영양 충전, 마르문",푸드
비오틴과 비타민 가득! 맛있고 쉽게 챙기는 이너뷰티 '핑크 구미 베어',푸드
<설날 전 배송> 알 하나가 500원 만한 프리미엄 샤인머스켓이 있다!?,푸드
함께하는 세상을 위한 상생 프로젝트 - 라뽁이 스파이시 까르보나라,푸드
"칼로리는 가볍게, 맛은 돼지롭게! 스키니피그 아이스크림!",푸드
농장에서 방금 수확한 신비복숭아가 와디즈로! 집에서 즐기는 신비의 달콤함,푸드
"[술자리 필수템!] 종이보다 가벼운 신개념 토닉워터, 발포토닉",푸드
하루 식이섬유 38% 정글프로틴바로 간편하게 챙기자!,푸드
바다 단백질은 처음일걸? 포만감 까지 꽉- 잡은 [마린 쉐이크],푸드
"[풍미로운 감태생활] 미식펀딩 게임끝, 트러플오일과 감태가 만났다",푸드
평점4.9앵콜ㅣ최대 500만원 상금 미션으로 돌아온 [리아퐁],푸드
"[4차앵콜] 고품격 추석선물, 당도높은 샤인머스켓",푸드
500원대로 간편히 챙기는 활기찬 하루! 남성용 멀티비타민&미네랄,푸드
달콤 꿀과즙 팡팡! 나무에서 끝까지 익힌 고당도 반전매력 제주 노지 감귤,푸드
[딱 한번] 누에고치에서 추출한 고단백 고급 실크아미노산 닥터링스,푸드
"[초고함량] 6,000mg 아르기닌에 오르니틴 부스터까지! 메타 아르기닌",푸드
[온더보더 등장!] 매장의 맛 그대로! 든든한 한끼! 찐- 멕시코 부리또,푸드
본적없을걸? 맛있는 신개념 영양젤리 #밸런츄,푸드
<농협이 와디즈에 떴다!> 몸에 좋은건 왜 어른들만 드세요? # 아이튼튼,푸드
[마지막앵콜] 실내활동 급증! 남자가 먹어야 할 전 세계 19가지 자신감,푸드
"[설날전배송/평점4.7점] 돌아온 마약떡, 로투떡! 새로운 맛 최초공개!",푸드
"정말? 단백질바 먹으면서 콜라겐까지? 미쳐버린 꾸덕, 촉촉 단백질바!!",푸드
줄서먹는 TV맛집ㅣ20년 노하우 담은 수제 순대국,푸드
와디즈 최초 공개 | 쉿 나만 몰랐던 대마종자유의 숨겨진 비밀,푸드
"맛에 반하고 멋에 취하고! AR로 즐기는 힙한 전통주 ""환상 에디션""",푸드
"[크리스마스전 배송] 쫄깃탱탱 랍스터와 해산물이 와르르, 랍스터 바스켓!",푸드
"※마감임박※ 72시간 숙성연어, 세상에 없는 특별한 연어, 그라브락스",푸드
맛있어서 먹는거에요! 닭가슴살의 새로운 패러다임,푸드
"[풍미작렬] 입안 가득 감칠맛, 육향 끝판왕! 드라이에이징 숙성육포",푸드
['밀가루 러버'라고요?] 빵순이 밥순이 식후 필수코스,푸드
"남자의 힘, 활력 되찾고 싶나요? 진정한 낮이밤이 남자를 위한, 베리굿밤",푸드
깔~롱지게! 딱 세 알! 단 돈 천원! 가성비갑 숙취해소 <취한저격>,푸드
<마지막앵콜>2.5cm두께+칼집+육즙+맛+가격까지 잡은 삼겹살=뚠겹살,푸드
[남성 활력계의 빌런] 23가지 활력 올인원! 하루 650원으로 끝내!,푸드
"[특별한 아르기닌] 포항공대출신이 만든 진짜 남성활력템, 고농축 아르기밤",푸드
"[앵콜]10초완성, 잉글리시밤 밀크티베이스",푸드
[크리스마스전배송] 연말파티 술추천! 청사과 100% 상큼폭발 애플사이더,푸드
[앵콜:후기 꼭 확인] '입에서 녹는 돼지고기' 찬사! 명인의 수제백갈비,푸드
[와디즈평점4.5] 푸.딩.버.터의 귀환 I 프랑스파티쉐의 #수제발효버터,푸드
[앵콜] 설 선물로 딱! 3배 더 진한 발리산 노니원액,푸드
"★앵콜제주귤★3탄 숙성한라봉! 제철에 따서 저온 숙성, 청량하고 깊은 맛",푸드
[알콜러버 3차앵콜] 힙한 크리스마스를 책임질 <알코올&티키트+안주박스>,푸드
[한가지 재료만 넣었습니다!] 고소하고 꾸덕한 100% 식물성 스프레드,푸드
★앵콜★ 모발 최강조합! 부작용 걱정없이 좋다는거 다 담아 편하게 먹자!,푸드
[한정수량] 맛있는 부위만!ㅣ대통령도 찾은 맛집의 골라먹는 백숙 한 끼,푸드
"(앵콜폭주)130kg 였던 대표의 비밀레시피 ""미인식""",푸드
전통주 더 이상 고리타분하지않아 ! 여름파티용 과일 리큐르 <아이엠더문>,푸드
[한우끝판왕] 영계는 닭에만?? 한우계의 영계 미경산한우가 이가격실화??,푸드
"[와디즈최초공개] 300만곡물효소, 탄수화물에 진심인 한국인이라면 필수!",푸드
마카? 아르긴산? 우리는 12가지 성분을 넣었다! 남자를 위한 [천기천],푸드
"씹으면 톡- 터지는 햇빛 에너지, 특허받은 맛있는 비타민D 4000IU",푸드
항정살 맛있는거 아시죠? 쫄깃탱탱 ['통'항정스테이크]로 칸쿤이 돌아왔다,푸드
"[설로인] 한우 암소선물: ""백화점 한우가 좋은 줄 알았죠""",푸드
"[3+1,불만족시 환불보장] 하루에 양배추 한통씩먹자! We는 양배추!",푸드
아침 10시에 즐기는 저당 고단백 고식이섬유 10 AM 브런치 쿠키,푸드
[역대급 기억력개선] 10년후 나의 모습은 어떤가요? 넥스트랩 메모리,푸드
"[평점5점앵콜] #5월한정 돌아온 마카롱계 색감깡패, 신사동 헤이미마카롱",푸드
언제나 나에게 한계는 없다! 남자의 활력을 위한 '에버모어',푸드
[겨울딸기 정기배송] 2주마다 집 앞으로 찾아오는 새콤달콤 제철딸기!,푸드
[6차 앵콜] 삼복더위에 맞서다! 여름보양식 한방 풍천 장어,푸드
[4.9/앵콜]#저세상쫀득#꼬끄맛집/저탄수로 탄생한 꼬랑지마카롱<사그램>,푸드
"[여기가 바로 바베큐 성지] 두툼한 육질, 육향가득 문츠 바베큐 폭립!",푸드
10초면 끝! 포만감이 가득한 프리미엄 단백질로 맛있는 식단관리 완성,푸드
[앵콜]진하고 정직하게 만든 호박정. 1포 18kcal로 가볍게,푸드
[2억5000만원펀딩 신화] 인생 참치회 / 크리스마스회식,푸드
#품절대란 #쿠키덕후원픽 I 겉바속쫀 마성의 쿠키 맛집 <위베이크러브>,푸드
[3천원대] 딱 3분! 파티음식 준비 끝! 해감 필요없는 갈릭버터 백합팩,푸드
"[임상완료] 여름 다이어트, 기능성 젤리로 손쉽게 3초컷 하세요!",푸드
★나트륨을 몰아내자★ 늙은 호박을 가득 담은 '더 반쪽' 호박젤리,푸드
[밥도둑 검거작전] 백년가게 민들레 꽃게장,푸드
세상에 없던 단백질 보충제 [워밍업] : 원재료+맛+보관까지 업그레이드,푸드
[평점4.8앵콜] 착한 에너지바? 선한 소비를 실천하는 리너지바!,푸드
[1583%앵콜]초콜릿덕후주목!먹어는봤남? 프랑스갬성 싱글오리진 랑그드샤,푸드
[모발 최강조합] 부작용 걱정없이 좋다는 거 다 담아 편하게 먹자!,푸드
식물성 프로틴의 혁명ㅣ콩전문가가 만든 고소함 끝판왕 쉐이크,푸드
"[3728% 앵콜]코코넛 함량 97%, 프리미엄 코코넛 잼, #모어코코",푸드
"[압도적 갓성비] 평생쓰는 뼈, 하루 2포로 돌려드릴게요 <본래관절>",푸드
[난리난 앵콜] 홍차브루커피!! 도대체 커피에 무슨짓을 하신거에요?,푸드
[평점4.9 추석전배송] 물 마시듯 쉬운 이별. 이별공식 ABC 주스,푸드
[3억펀딩/모부심앵콜/평점4.8]빈틈없는 영양관리 솔루션,푸드
"[만족도4.8 앵콜] 올 여름, 내 몸을 가꿔 줄 2kcal 유럽대란템!",푸드
[만족도 4.9]이번엔 흑임자다! 대만에서 줄서서 먹는 흑임자 에그롤,푸드
입안 가득차오르는 찐~한 열대의 향긋함! 태국 항공 직송 [마더망고],푸드
"[선식No녹즙No]120종 과일,채소가 통째로 들어있는 올초식",푸드
"[누적5억펀딩] 올 추석엔 '작품'을 선물하세요, 설로인 한우 선물세트",푸드
[고단백#17g] 해동없이 1초만에 쓱! 바로 먹는 닭가슴살 비엔나,푸드
모히또가서 몰디브 한잔? 올 여름엔 집에서 모히또 한잔! [워커비 꿀],푸드
60kg감량한 대표가 만든 자신있는 제품,푸드
"[맛집열무국수] 단돈 2,900원! 속까지 시원한 재미네 열무국수",푸드
"신라호텔이 선택한 귀족과일, 제주 애플망고",푸드
"사실주의베이컨, 당신이 몰랐던 진짜 베이컨을 보여줄게요.",푸드
앵콜! 매일 1리터 건강한 여름 수분충전 [콜드브루 티 전용 키트],푸드
"[단백질23g, 고작140kcal, 유당0%]찾다 지쳐 내가 만든 프로틴",푸드
"[설연휴 전 배송] 산삼을 통.째.로 갈아넣은, 25년 장인의 산양산삼고",푸드
[H'plate] 캠핑족들의 오감을 만족시키는 통우대갈비를 이 가격에?!,푸드
"[의사가 만든] 불필요한 기름 없는 83.2% 순도, 오메가3+비타민D",푸드
재미있게 먹는 아미노산 : 아이들과 지구를 위한 선물 BY INSECT,푸드
보라카이에서 수백만개 팔린 그 잼의 비밀은? 악마의잼 드디어 와디즈 상륙,푸드
"추석전배송ㅣ2만원대ㅣ상큼한 유자와 향긋한 로즈마리의 하모니, 유자사이더",푸드
[4차/평점5] 맛과 영양 고소한 보리로 모두 잡았다! 리너지바,푸드
[프리미엄 올리브오일] 이태리에서 직접 수확 제조하여 공수했습니다,푸드
[당신이 몰랐던 한식] 초간편 든든한 두부밥 도시락으로 밥심 절대지켜!,푸드
[언제 기다려요] 3초 완성! 찐-하게 우린 최고급 티농축액,푸드
세상에서 제일 맛있는 단백질초코볼! 바삭바삭! 한 봉지 최대단백질22g!,푸드
[5990%앵콜]19+a가지 활력 원료를 한병에! 세계의남자 익스트림,푸드
"[깨끗함+1상승] 20대 한알! 난? 나이, 상태에 맞춰먹는 착한 콜라겐",푸드
"이제는 겉촉속쫀의 시대ㅣ일단 먹어보셔야 합니다. 진짜 ""귀한 육포""",푸드
[진짜 이탈리안이 뭉쳤다] 알베르토 X 셰프의 세상에 없던 가지 간편식,푸드
"[앵콜!] 매달 겪는 월경전 불편함, 1만명이 선택한 착한영양제 베러데이",푸드
"[ ""인생명란"" 등장!! ] 저염숙성 명품명란, 착한 가격에 만나요~!",푸드
"맛보면 놀랄걸요? 버터와 계란없이, 맛과 모양을 꽉 잡은 #비건마카롱",푸드
"무거워진 내 몸을 위한 가벼운 습관, 머시주스의 데일리클렌즈",푸드
미래에서 온 슈퍼 프로틴바! 퓨처엑스 단백질바,푸드
[5789%달성앵콜] 알쓰도 갖고싶은 저세상 힙 #알코올키트 선물세트,푸드
"평점5.0신화ㅣ마지막앵콜! 오직횡성한우로만, 17년 곰탕덕후 마음곰탕",푸드
캐슈넛밀크와 프랑스카카오의 달콤한 만남! 디어넛츠,푸드
[흑마늘12알] 내몸을위한1포 흑마늘진액+프로폴리스+4종과일로 상큼하게!,푸드
[강남1등오트밀] 건강한 식단관리 챌린지+환급,푸드
[한정수량]다이어트 보조제 아직도 성분이 아닌 광고를 보고 선택하시나요?,푸드
[닭가슴살은 이제 그만!] 단백질 폭탄 54g! 수비돈 풀드포크,푸드
(3차 앵콜) 구운거야? 말린거야? 오징어의 신세계 빨간오징어!,푸드
꿀이뚝뚝 고당도! 첫 수확 고당도 스테비아 수박 서리하세요!(책임보상),푸드
라라스윗 : 한 통 다 먹어도 240kcal! 건강한 아이스크림,푸드
"설날 D-20, 명절선물 끝판왕! 산삼이 씹히는 산삼즙 '삼근삼근'",푸드
[한정수량] Lr는 7r끔 육즙을 흘린다.. 2.5cm 돈까스 [쿡카츠],푸드
"제발, 로투떡 안먹어본 사람 없게해주세요! 진짜 마약디저트가 돌아왔다.",푸드
[단백질 55% 파스타] 백악관 공식 파스타 브랜드가 만든 고단백 파스타,푸드
[만족도 4.9 앵콜] 장인 정신의 디저트ㅣ대만에서 줄서서 먹는 에그롤,푸드
배우 전노민의 선택 - 바로 잡은 투뿔(1++) 한우,푸드
[200명 한정 앵콜] 무거운 체질을 가볍게 하는 방법 '클렌즈밤',푸드
[특허기술로 만든] 마시는 메모리 #메모리티를 즐겨요~!!,푸드
단7일 감사앵콜 한정수량[역대급 단백질쉐이크 비밀]이것만 찾게 될꺼야,푸드
[초한정수량] 신메뉴 함박카츠의 등장ㅣ겉바속촉 콘치즈 가득!,푸드
[추석전배송]초코덕후필독! 썰어먹는 초콜릿 밀크 살라미,푸드
"탄수화물, 칼로리 조절을 위한 '저탄수 식빵&쨈' [브랜뉴 베이커리]",푸드
왕실곡물 헴프씨드로 영양성분 꽉 채운 식사대용커피[Hempseed 커피],푸드
[카페에서 먹던 그 맛] 다이어트 쉐이크 이렇게 맛있다구요?,푸드
"들어봔? 과즙팡! 단맛팡! 설탕처럼 달달한 제주 초당옥수수, 슈가콘!",푸드
"[3차앵콜] 트러플이 듬뿍 담긴 와규! 소고기 하몽, 르통",푸드
앵콜펀딩 [까는게 제일 쉬웠어요] 톡하면 훌렁 벗겨지는 실속 칼집밤,푸드
"[앵콜펀딩] 바사삭, 한 입 먹는 순간 알게 될 거예요ㅣ마력의 프로틴볼",푸드
She-It.그녀만아는 더블 이너뷰티 비결[식물성 프리바이오틱스&콜라겐],푸드
"힘내지 말고 힘빼요, 지친 당신을 위한 <꿀빠는시간>",푸드
"*꾸덕쫀득* 주머니에 쏙, 천연 감로 벌집꿀로 맛있게 당충전하자!",푸드
비주얼 실화? | 땅에서 갓 캐낸 구황작물'쌀'빵,푸드
[깜짝놀람] 한 알이면 연말 회식자리 핵인싸 등극! 알쓰탈출 <허브샷>,푸드
지금까지 이런 망고는 없었다. 쫀득!달콤!새콤! 항공직배송 [무지개망고],푸드
"[단 2,438원] 물 붓고 15분, 라면만큼 간편하고 맛있는 인생국밥",푸드
"한우로 끓여 더 진하고 깊은 맛, 삼정관 내포탕 와디즈 상륙",푸드
[장수마을 코카스의 비법] 티벳버섯 없이 쉽게 만드는 수제 케피어 요거트,푸드
이번 주말엔 특별한 삼겹살을 경험하세요 ㅣ 120시간 드라이에이징 삼겹살,푸드
[공정무역원당]나가지마 집에서 먹어! 달달한 달고나 품은 '작두콩'젤라또,푸드
[넘치는 활력]소중한 순간 더욱 특별하게..!98%초고함량 활력제,푸드
"서포터님과 함께 숙성하는 건조숙성 스테이크(feat.살치,부채,토시)",푸드
[앵콜/만족도4.8] 녹진함의 끝판왕! 우니 삼합,푸드
⭐5673% 앵콜 펀딩⭐ '밀크티 성지' 오렌지리프 - 밀크티 시럽 5종,푸드
[처음이자 마지막 앵콜] 황제만 먹었다는 1% 부위ㅣ고단백 육우 토마호크,푸드
소란스럽게 먹어온 내 자신에게 미안해서 만든 식물성 요거트 '미안해요',푸드
스페인 사람도 귀해 못 먹는다는 이베리코 베요타 100% 프리미엄 하몽,푸드
[평점5.0] 1년을 기다린 새콤달콤 제주 레드향 딱 2주만!,푸드
"[겉바속촉, 육즙박살] 순대를 기름에노릇노릇, 한국형 소시지 '순테이크'",푸드
[평점 4.8] 맥주 도둑 참나무 훈.연.먹.태. 맛있어서 무죄!,푸드
<신품종> 제철 봄에 먹는 달콤아삭 고당도 성주 게르마늄 알찬꿀참외,푸드
[앵콜/1차펀딩4.9점] 하루 964원으로 #타트체리 33알 먹는 법,푸드
아직도 밀가루 먹니? 고소하고 진한 [들깨 우리쌀 칼국수],푸드
[설선물] 고려은단 100% 통홍삼. 부장님께 사랑받으세요.,푸드
[쫀득한 환절기 EAT 아이템] 간식이 '도랏'다..! 도라지정과의 변신,푸드
[업그레이드 앵콜]사장님! 디카페인 커피가 이렇게 맛있으면 반칙아닙니까?,푸드
[추석전 배송] 원재료만 귀하게 담아낸 꾸덕달달 '홍삼환',푸드
[푸룬 & 280억 유산균] 잔망루피와 함께 매일 아침 변하는 #잔망한컵,푸드
"면역과민에 의한 콧물, 코막힘 등 코 상태 개선 '바이크롬 코 유산균'",푸드
"<정기배송> 한 달에 한 번, 집 앞까지 찾아가는 제주 대표 4종 만감류",푸드
술찌를 위한 숙취해소! 녹용으로 주력충전 원상환!,푸드
[멜론SET]지금놓치면 1년을 기다려야할 초-달콤 프리미엄 설향/양구멜론,푸드
[590%앵콜] 한 캔 226원 실화? 쥬스같이 찐~한 중독복숭아 25%,푸드
[2021년 첫 우유로 만들어요!] '급'이 다른 청정지역 수제 목초버터,푸드
120시간 달여 세상 찐~하게 담았다! #가정의달 #엄마효도템 #백하수옥,푸드
"닭가슴살 이제 안녕! 새로운 단백질 혁명, [문어크 팩문어]를 만나다!",푸드
[아이스크림 혁명] 달콤꾸덕! 이렇게 맛있는 키토 아이스크림이 있다고?,푸드
★앵콜제주귤★4탄 귤로향! 5월 감사의 선물은 귀한 제철 제주 귤,푸드
유명 베이커리 인기템! 오도독 쌀로만든 빨미까레 (엄마*파이 고급 버전),푸드
[상하목장등판] 유산균까지 유기농! 순도 100% 유기농요거트가 온다!,푸드
"[8차 앵콜! 한우계의 에르메스, 미경산 한우를 알고계신가요?",푸드
일에 찌든 샐러리맨 출신 청년이 직접 만든 수월한 습관 #수월환 프로젝트,푸드
[15회 앵콜] 인생참치회 - 초복에 참치로 맛있게 몸보신하세요!,푸드
"[2500% 앵콜]품질보장! 가격보장! 아르기닌, 마카, 비타민B 고함량",푸드
"[첨가물 0%] 꿀고구마, 아몬드만 들어간 튀기지 않은 중독성갑! 과자",푸드
[함량폭발 밀크씨슬] 다른거 찾아볼거 없이 그냥 이게 정답,푸드
[줄 서서 먹는 남대문 맛집] 17시간의 정성! 금성관 나주곰탕,푸드
고기가 듬뿍 들어간 건강한 저당 짜장 <키토유니짜장>,푸드
"[평점 5.0] 뉴트로에 굶주린 그대, 온고지신 전통 간편식 한끼 원밀",푸드
[앵콜] 100% 국내산 한우만 51시간 고아 탄생한 '생활곰탕',푸드
이탈리아 70년 디저트 명장 비밀 레시피ㅣ오마마 케이크,푸드
"[앵콜]간장게장 ""게"" 편하게 먹자! 꽃게 순살만 쭉~[순살 간장게장]",푸드
[7회앵콜] 다시 돌아온 부끄럽지않은 쥐포,푸드
"[중독주의!]황제의 맛, 메로 스테이크, 1인분 8000원 실화?",푸드
대게 제철은 지금부터! 수율 80%내외 맛 좋은 대게를 만나보세요.,푸드
"[ 빼!자몽]올 여름엔 자몽, ABC쥬스와 함께 좀! 빼~자몽 !",푸드
"이런 갈비 처음일걸요? 소고기처럼 부드럽고 담백한 ""칸쿤갈비""",푸드
[아르기닌 폭탄] 이거 한 잔이면 끝! 하루 350원으로 에너지충전!,푸드
[2분 조리끝] 마라카레 최초출시ㅣ이제 휘카레만 찾게 될 거예요,푸드
"완벽한 단백질 라떼 정착지, 설탕없이도 중독되는 착한 단백질 미숫가루",푸드
환경과 사람을 생각한 착한 그래놀라바: 리너지바(RE:nergy bar),푸드
[5점 앵콜] 탄수화물과 당을 줄였어요! 160칼로리의 바삭한 그래놀라,푸드
"[감귤 구독서비스] 매달, 새로운 감귤이 찾아온다 #감귤완전정복프로젝트",푸드
"[극찬후기가득] ""짜장이 왜 이렇게 맛있어?""ㅣ알고보니 채식 짜장",푸드
세상에없던대용식] 먹어보면 반할걸? 슈퍼푸드 오트밀에 단백질+비타민까지!,푸드
"(앵콜) 푸석하고 건조한 피부고민? 1일1포, 촉촉탱탱 콜라겐 풀충전!",푸드
[설날 전 안심배송] 세젤예 보리굴비! 보리굴비가 이렇게 예뻐도 되나요?,푸드
[마지막 앵콜] 웨이팅 2OOO명의 설탕X 밀가루X 꾸덕촉촉 프로틴 도넛,푸드
"달콤함이 입에 맴도는 감귤의 끝판왕, 초고당도 타이벡재배 감귤",푸드
[3차 앵콜] '밀크티 성지 오렌지리프' 겨울 한정판 밀크티 시럽 대공개,푸드
[와디즈 1위 앵콜] 하루에 양배추 한 통씩 먹자! We는 양배추!,푸드
[쏘핏]진짜 맛있다! 건강까지 생각한 100kcal 떡볶이&라볶이,푸드
[아직도냉동보관해?] 상온 보관하는 닭가슴살 ! 간편하게 가방에서 꺼내요,푸드
[18g 단백질 끝판왕] 두부가 듬뿍 들어간 도넛으로 똑똑한 식단관리!,푸드
[중독주의] 시리얼 속 마시멜로우만 와르르! 인간사료 멜로팝,푸드
[지타촌] 세상에 없던 완벽한 당 충전! 첨가물 없이 건강한 에너지바!,푸드
[마지막 앵콜] 파티음식 준비 끝! 3천원대 해감 필요없는 갈릭버터 백합,푸드
[복날맞이 한정수량] 대통령도 찾은 맛집의 백숙 한끼,푸드
[그거 앎?] 왜 핫해졌니? 이런 Hot한 유산균의 비밀이 안 궁금해?,푸드
2022햇마늘! 여러분과 농부 모두 웃는 농부의 상생마늘,푸드
HP가 부족해?! 물약상점 클렌즈주스로 체력충전완료!,푸드
"핏콩이 일냈어요!! 녹덕들을 위한 NO밀가루 단백질쿠키, 핏콩큐브 그린티",푸드
"최고의 한우 진검승부! 1++ VS 드라이에이징, 내 취향은 바로 이거야",푸드
(3000%앵콜) 첫 수확 신비복숭아가 집으로! 직접 즐기는 신비의 매력,푸드
[라자냐도 고기없이 가능하다구요?] SNS에서 난리난 채식라자냐,푸드
"맛의 폭군, 어류계의 꽃등심. 오오야 프리미엄 메로구이",푸드
[원픽] - 크리스마스 & 연말 파티 아이템 (스테이크 & 와인),푸드
"맛을 첨가하는 조미료가 아닙니다, 원재료만에 맛을 살려내는 맛스타일러!",푸드
[여성에너지]무엇이든 더 힘든날의 당신에게 보통의 삶을 선물하다.,푸드
"필라테스, 요가, 액티비티 운동 매니아를 위한 맞춤 TEA! 아유르베다티",푸드
[평점 4.8] 수제 불맛 품은 진짜 알곱창,푸드
[평점 5.0/설 선물] 맛과건강을 다잡았다! 후기 난리난 힐링ABC주스,푸드
[트리투바 초콜릿공장]내 취향대로 조절하는 단맛! 만능 마법 초코가루,푸드
[웨이팅 1000명?!] NO설탕! NO밀가루! 촉촉단백 식단관리 도넛,푸드
[누룽지&커피] 달콤!고소!바삭! 누룽지커피 누피(NUFFEE),푸드
"세 가지 복숭아의 특별함을 담다. 뽀얀 백도의 진한 달콤함, 아까스끼",푸드
"[최초공개] 면덕후를 위한 더위타파 찍먹라멘, 츠케멘 납시오~",푸드
고기는 뜯어야 제맛! 제주 본(bone)오겹+한라산 고사리의 미친 조합!,푸드
세상에 없던 식물성 단백질 음료! 물처럼 마시는 [노블드링크],푸드
[원조선산곱창] 26년 구미 곱창왕이 전국을 제패하러 왔다!,푸드
"[만족도 최고, 2.5억 제주귤 앵콜] 달콤한 향기의 유혹 제철 #천혜향",푸드
"기적의 식물 그라비올라, 분말 형태로 간편하게 드세요!",푸드
"[No밀가루]다 먹어도 162kcal, 당류1g 기적의 케이크 두이크!",푸드
[추석전 배송]산양삼과 꿀로만 만든 순수한 산삼백서. 명절선물로 준비해요,푸드
"[역대 최대함량!] 300Da 초저분자 콜라겐 5,052mg은 처음이지?",푸드
"국내산 블랙곡물에 비오틴까지, 샴푸브랜드가 준비한 8주 식단 프로젝트",푸드
"제주마늘과 만난 왕새우포, 미친 감칠맛! 지친 당신, 맛으로 힐링해요~",푸드
[탄산정착지] 지금까지 없던 0kcal 탄산음료! 진저에일 제로!,푸드
"이것은 치킨이 아니다. 대체육 튀김계의 끝판왕, 위미트 프라이드",푸드
[존맛탱] 아직도 맛없게 프로틴 섭취하니? [JMT단백질보충제],푸드
"[앵콜:사실주의베이컨] 이번엔 통베이컨 스테이크! 누구나 쉽게, 맛있게",푸드
[청정원 안주야] 이렇게 두툼한 통 삼겹살을 기름튐 없이 단 10분만에?,푸드
[D-7 크리스마스 한정] 차&디저트 7일 플랜 - 합정 스콘맛집 블러,푸드
"순수 비건 [식물성 콜라겐] 100% 히비스커스, 식물로 콜라겐 충전",푸드
[돈마호크 아닙니다!] 세상에 없던 초대형 연탄직화 한돈 스테이크!,푸드
[뿔근뿔근] 남성활력의 대명사 발효기술로 녹용과홍삼의 가치를 바로세우다,푸드
[누적1억4천ㅣ댄싱사이더] 딸기로 돌아온 상큼한 봄 애플사이더 #루드베리,푸드
"[67kcal 당류 0g] 간식 참기 이제 그만, 속세맛 프로키 드세요!",푸드
"페스토를 가장 신선하게 즐기는 방법, 영양사가 만든 [이유있는 페스토]",푸드
"2000%앵콜/농축 콤부차로 생기충전, 40종 아미노산을 몸속에 꽉꽉!",푸드
"10초 완성, 건강하게 만든 밀크티베이스",푸드
"[4차앵콜]서포터님과 함께 하는 건조숙성 <살치살, 와규전각, 삼겹살>",푸드
[첨가물無] 말차 덕후들이 인정한 순수말차스틱으로 1일 1말차 함께해요,푸드
투명한 단백질보충제? 속불편함 없이 가볍고 상큼한 프로틴워터 [프로틱],푸드
앵콜펀딩_유산균+먹이+다이어트! 올인원 다이어트유산균!샤인머스캣맛 장선생,푸드
비교환영! 평가환영! 자신있게 권해드리는 [온심당]고로쇠/육류 맛간장,푸드
커피가 투명하다고?! 건강하고 맛있는 디카페인 투명 커피,푸드
연휴전배송_이걸 설선물한다고? 남주기 싫은맛 생강호두정과 747%앵콜펀딩,푸드
굶지말고 하루에 딱 한번! 내 몸과 환경을 위한 착한 비건 다이어트,푸드
"한우보다 장어로! 역대급 육포의 탄생, 복분장어포",푸드
"[3+1] 3배 더 진한, 발리에서온 노니원액 100%",푸드
"[평점4.5앵콜, 제주숙성한라봉] 제철수확한 청량한 저온숙성 한라봉",푸드
숙취로 고생하시는 분들! 약사가 만든 음료 한병이면 걱정 No!,푸드
[제.대.로.구웠다] 바삭함에 포만감까지 미친 그래놀라,푸드
"[추석전배송] 받아서 데우기만 하면 끝! 모둠전 ,어벤'전'스가 떴다!",푸드
<10월 한정맛> #꾸떡쫀득 #색감깡패 신사동 헤이미마카롱의 귀환,푸드
"[저탄고지 필수템] 당류0g, 당질1g. 아이즈 키토바 !",푸드
"[앵콜2+2] 살이 제대로, 벌집오돌뼈!",푸드
흑초와 콜라겐의 만남ㅣ아름다운 조합!현미원 콜라겐으로 잡는 나의 이너뷰티,푸드
<천사의 '단짠단짠' 옥수수 사르르> 머리가 띵~해지는 저세상 단짠부대!,푸드
[14회 앵콜] 인생참치회 - 어버이날 전에 효도할 수 있는 찬스!,푸드
[이런 버터는 처음일걸? ] 세상 힙한 '왓어버터' 만의 7가지 맛 버터,푸드
"[설전배송]만두계의 평양냉면, 이북식 만두 등장ㅣ할머니의 손맛을 담았어요",푸드
"전통이 트렌드다, 곰탕의 재발견 [수요미식회 도하정]",푸드
[같이 먹는 활력템] 2022년 활기찬 출발 양심이 #사랑템,푸드
설전배송 소갈비찜 등장! 3시간 삶아 솜처럼 부드러운 육질+매콤양념까지,푸드
밀가루 NO! 깔끔하고 쫄깃한 더 건강한 쌀면과 시원한 재미네 열무국수,푸드
"(앵콜) 힘이 필요한 날, '어느 긴 밤', 초벌장어",푸드
"[평점 4.7/출시요청쇄도] 맵덕들의 성지, 이번엔 짜장이다! 지옥불짜장",푸드
[국내최초] 프로틴 쉐이크의 혁명! 두부로 만든 단백질 미숫가루,푸드
"[누적 구매평 7천건] 찐리뷰가 인정하는, 찐 춘천 닭갈비를 간편하게!",푸드
<월간과일-자두편 1탄> 초여름 대표 자두 3종 맛보기,푸드
한 통 다 먹어도 240kcal! 건강한 아이스크림,푸드
"""초유의 사태""가 일어났다!!! #초유단백질 #빈투바초코볼 #인생간식",푸드
"[녹용 인삼 복령 생지황 꿀] 120시간의 정성 ""365 공경애""",푸드
파스타를 먹어도 내 몸에게 미안하지 않은 <키플랜> 식단,푸드
"[여름을 부탁해] 복숭아, 어디까지 먹어봤니?",푸드
부드러움의 세계로 초대합니다. 지례흑돼지 수비드 스테이크 밀키트 6종,푸드
"[평점 5.0앵콜]한산소곡주, 프리미엄 명절 선물세트 ""일오백 에디션""",푸드
[동백꽃와인] 봄에는 꽃와인 어때요? 제주 동백꽃을 발효한 향긋한 꽃술,푸드
[MADE IN USA] 하루 한팩으로 간편한 비타민 섭취 <메가비타>,푸드
[양배추와 유산균이 만나 완전체되다.] 위장애환으로 토탈케어하세요,푸드
51년 역사 | 일동후디스가 제안드리는 꿀잠 비법! 락티움 이지슬립,푸드
"""당장 밥말아 먹고 싶은 파스타가 왔다!"" 데이루나 바지락 국물 파스타",푸드
"[5.0 앵콜! 아이스티에 샷추가] 커피계의 혁명, 티노가 돌아왔어요!",푸드
부산 한우맛집의 1++한우로 고아낸 최고급 명품곰탕! 이젠 집에서 드세요,푸드
"45년 전통, 3대째 내려오는 비법 된장콩잎",푸드
[2827%/4.8점] 마지막 앵콜! 고소 꾸덕한 100%식물성 스프레드,푸드
요즘같은날은#외식말고! 단짠단짠 밥도둑 코다리조림!(간장맛도있어요),푸드
[앵콜] 한 통에 양파 100kg 함유 : 하루 양파환,푸드
[탄수화물 식단관리] 흰강낭콩을 듬뿍 담은 방탄쉐이크! 단백한 파우치,푸드
[3+1추가할인] 하루에 양배추 한 통씩 먹자!! 국내 최대 함량 : ),푸드
[앵콜펀딩] 추석 확!찐자를 부탁해! 닭가슴살+껍질벗긴 고구마의 간편함,푸드
힘 쎈 옆집 남자의 비밀? 하루 2알로 내몸에 기력을[더스트롱마카],푸드
아직도 설탕청먹니?설탕이 싹! 빠진 스키니과일청 #한병42kcal,푸드
[발효콩스무디] 63억원을 들여 스무디를 개발한 이유는?,푸드
우유 대신 아몬드유로! 달달꾸덕 1/3 칼로리 아이스크림,푸드
[평점 4.9 추석선물세트] 앵콜쇄도 국내산 암꽃게 간장게장이 나타났다!,푸드
[추석특별전] 버섯 전문가가 직접 재배한 프리미엄 건화고표고 한정 리워드,푸드
[단.탄.식] 단백질+탄수화물+식이섬유의 하모니! 한끼 도시락 채소한하루,푸드
168cm/48kg. 과연 정답일까? 건강기능 다이어트 단백질 XLINE,푸드
[2021 SS 한.정.판] 미니 망.고.수.박 등장,푸드
[앵콜] 스테이크 끝판왕 풍*미*작*열 텍사스 스타일 스모크 스테이크,푸드
"[크리스마스전 배송] 마카롱계 색감깡패, 입소문난 헤이미 마카롱 선물세트",푸드
"[설탕0g패션후르츠청]설탕없이도 이렇게 맛있다고?!당,칼로리 걱정넣어둬요",푸드
"[카페인 구원 커피] 착한 커피니까, 밤에도 걱정없이 마실 수 있어요",푸드
[2025%앵콜] 작은 1포에 무려 5쪽을 담았다! #맛있는 #흑마늘정,푸드
[아르기닌X오르니틴] 초고함량 아르오르환,푸드
[치즈 외길 20년] 우.잘.알 밀크마스터의 명품 프리미엄 리얼 생치즈!,푸드
[고단백/식단관리] 제주감귤 그래놀라ㅣ이제 다른 그래놀라는 못 먹을걸?,푸드
[ K-인싸잼 ] 찍어먹는 커피 WOW! 커피원액 30.9% 로카 커피잼,푸드
"완전한 미래식사, 밀스 프로젝트",푸드
"빨간귤이 있다면 믿으시겠어요? 제주에서 자란 빨간귤, 고당도 썬레드!",푸드
"[남 얘기가 아닌 혈당, 혈압 주의보] 하루 2알, 혈당&혈압 관리하세요",푸드
"[리얼 밥도둑놈] 내 밥 어디갔어! 게맛있고, 간편한! 순살양념게장 스틱",푸드
[펀딩신화] 실패없는 초간단 큰나무집 궁중닭볶음탕 밀키트,푸드
[퇴근전5분 집중!]진~짜 맛있네요. 설탕 0% 210kcal 꿀~꺽,푸드
"뻔한 음식 말고 ""간편한 장어""로! 세상 맛있는 꿀장어 홈키트",푸드
[아는 사람은 꼭 찾는 그 체리] 초고당도 점보사이즈 빙체리,푸드
미국인이 사랑한 REAL 가정식ㅣ판교 핫플 #라디오베이의 특별함을 집에서,푸드
★앵콜★ 와디즈 서포터가 극찬한 프리미엄 한우스지어묵탕 !,푸드
"[이 육즙이 가능해?] 느타리 버섯으로 만든 식물성 고기, 무빙마운틴",푸드
[갈비의정석] 전통방식 그대로 만든 진짜갈비! 본태갈비&오돌갈비,푸드
[콤부차 에센스]40종 아미노산으로 콤부차 클렌징 시작하세요!!,푸드
"[설선물] 21mg신화, 너 요새 혈색이 좋다? 나만 알고 싶은 7배홍삼",푸드
앵콜펀딩 [까는게 제일 쉬웠어요] 톡하면 훌렁 벗겨지는 실속 칼집밤,푸드
(대국민 힐링 프로젝트) 8가지 허브와 테아닌이 담긴 힐링미구미,푸드
[1끼 966원] 약사가 만든 80kcal 포만 가득 쌀단백 한끼 프로틴,푸드
화장품 바꿨니? 아니 젤리바꿨어! 오직 맛과 흡수기술에 집중한 콜라겐,푸드
"프랑스 농부가 한국에서 직접 만든 스파클링 와인, 레돔 시드르",푸드
[크리스마스 리미티드] 프리미엄 암소한우! 후기보시고 펀딩!이브날전에배송,푸드
[한우끝판왕]영계는 닭에만?? 한우계의 영계 미경산한우가 이가격 실화??,푸드
"""예쁜데 건강하고 달콤해요!""상받은 티전문가가 만든 인생티[4.9점앵콜]",푸드
탄산은 먹고싶고 가벼움도 찾고싶다면! 최애여름음료[발효유자 콤부차],푸드
[1억8500만원펀딩 신화] 인생 참치회 / 크리스마스회식,푸드
맛없는 식물성 요거트는 이제 그만! 맛있는 식물성 요거트 <비거트>,푸드
[#순살만 쭉~] 양념게장 '게' 편하게 먹자! #밥도둑 순살 양념게장,푸드
[2차 앵콜] 프리미엄 디저트 콩포트로 간편하게 프랑스식 홈카페를 즐겨봐,푸드
"[당류0%,1/2칼로리] 설탕을 벗어던진 달콤청량 슈퍼드링크 등장!",푸드
미래형 흑마늘! 이 작은 스틱 1포에 5쪽을 담았습니다. #맛있어요,푸드
[단백질27g] 아시아 최다 메달 수상! 무항생제 닭가슴살 소세지,푸드
[이건 닭고기의 혁명이야] 쫄깃~쫀득 육즙폭발! 100% 토종닭 스테이크,푸드
[마지막 앵콜] 고단백#17gㅣ해동없이 1초만에 먹는 닭가슴살 비엔나,푸드
"유산균도 박사가 만들면 다르다, 1일 1포하는 당근 포스트바이오틱스!",푸드
만리단길 줄서서 먹는 '새우 한가득' 로제떡볶이를 밀키트로!,푸드
"[연어 좋아하시면 필독] 대한민국 1%, 자연산 홍연어",푸드
[200개 한정] 제주 매거진 <인iiin>과 제주 로컬푸드 정기배송!,푸드
"[4.7점 앵콜/김치품평회 대상] 국민 김치와 비건이 만나다, 남현김치",푸드
불편한 티백 OUT! 콜드브루로 찐하게 담은 진짜 전통차[콜드 티 브루],푸드
[성탄절 전 배송]연말 홈파티 걱정끝! 콩포트 하나로 12가지 메뉴즐겨요,푸드
[4.9평점/앵콜3차 설날선물] 제주당근의 향 그대로! 리얼착즙ABC주스,푸드
인절미인데 식단관리가 된다고? 고소한 단백질 콩콩볼 인절미,푸드
영양소 파괴없이 맛과 향 그대로 살린 미래에서 온 건조과일,푸드
[피부간식] 날마다 줄어드는 몸 속 콜라겐! 지금 바로 맛있게 충전하자,푸드
집에서 즐기는 프리미엄 티라이프ㅣ나를 위한 건강한 쉼표 [물결말차키트],푸드
[어육함량93.8%] 바삭하고 고소한 빠삭킹어포!,푸드
"[꿈꾸는고기] 숙성스테이크와 스페인 타파스까지, 우아하게 즐기는 홈파티!",푸드
발효콩과 치즈가 주는 건강하고 진한 풍미 [리얼빈치즈케익],푸드
"특별함을 원한다면 별미 중 별미, 캠핑 스페셜 요리! 맛의고수 소꼬리구이",푸드
[154kcal]맛있는 식단관리!세상에 없던 꾸덕 묵직 크럼블!,푸드
"[5차] 어디에도 없는 특별한 풍미, '시나몬' 밀크티베이스",푸드
"추석, 특별한 감귤이 온다! #과즙의 여왕, 황금향",푸드
독일에서 온 설탕인듯 설탕아닌 건강한 대체 설탕 0kcal[슈카라이트],푸드
"탱글탱글 육즙 터지는 제주도 흑돼지 뼈삼, 특별한 명절선물 탐라인축산",푸드
[꿀당도 고구마 1초컷?] 삶고굽고찌고 이제 그만! 불로구마로 스마트하게,푸드
"[청담밤]알아서 쏙빠지는, 초간편! 공주 군밤용 칼집밤",푸드
"커피는 먹고 싶은데, 몸 걱정에 조심스럽다면, '콩'드브루 하세요!",푸드
"한 번 먹고 나니, 다른 그래놀라는 손도 못대겠어요. <그라놀로지>",푸드
[와디즈 평점 4.8] 이렇게 맛있는 야채 보셨나요?ㅣ담채 8미,푸드
[6차 앵콜 펀딩] 믿고 먹는 오땡 양고기,푸드
"[90만 헬스유튜버 PICK]이렇게 맛있는 곰탕이, 계란 두개 칼로리?",푸드
스마트하게 관리하는 장건강! 다양한 특허 유산균을 한번에~,푸드
"입안에서 펼쳐지는 커피여행, 이젠 트링으로 씹어서 즐기세요!",푸드
[만족도 5점] 미친식감의 대명사 아~사악 [통'항정스테이크]의 귀환,푸드
"[2,477%앵콜] 단 2,438원! 라면만큼 초간편하고 맛있는 인생국밥",푸드
"[마감임박] 제철 딱새우, 제주행복맘의 탱글하고 쫄깃한 딱새우장",푸드
보라카이 악마의 잼. 경험한 사람은 있다. 파는 곳은 없다..?,푸드
"이제는 건강하길 바라는 마음으로, 모두의 상황버섯진액",푸드
"[레모나 여성유산균]분비물 고민,화장실 고민? 경남제약 니즈가 필요할때!",푸드
고기의 맛과 식감이 살아있는 육전식당 프리미엄 돈육떡갈비 3종,푸드
"[애플수박]13브릭스 꽉찬 달달함, 여름 내내 간편하게 즐기는 미니수박!",푸드
"[앵콜] 힘내지 말고 힘빼요, 지친 당신을 위한 <꿀빠는시간>",푸드
Only Feedback! 서포터분들의 피드백만으로 돌아온 핏프로틴바,푸드
"[바다에서 온 황제단백질] ""바로 먹는 갑오징어"" 전자레인지 딱 3분!!",푸드
땅끝 해남 무농약 햇 꿀밤 고구마 수확후 바로 산지직송,푸드
[한정수량] 소고기처럼 먹는 프리미엄 돼지 특수부위,푸드
신이 내린 선물! 뜨거운 사막을 건너온 프리미엄 간식 대추야자!,푸드
"[100원 젤리] 1800% 앵콜, 손이 계속 가요 신바이오틱스 비타꾸미",푸드
입안에서 '바로 스며드는' 필름형 콜라겐 [V-Fit],푸드
★앵콜★ 남자의 자신감 찾기 프로젝트 베어맥스가 신제품으로 돌아왔습니다!,푸드
트러플이 듬뿍 담긴 소고기 하몽 르통(Le Tong),푸드
"[누적5억펀딩, 와디즈어워즈 수상] 설로인 설 숙성한우 선물세트",푸드
[2차 앵콜:후기] '입에서 녹는 돼지고기' 찬사! 명인의 수제백갈비!,푸드
[앵콜펀딩] 프리벤티 100% 유기농 아가베이눌린! 천연 프리바이오틱스,푸드
"[3937%앵콜] 부드러운 감칠맛의 절정판, 미경산 한우를 명절선물로!",푸드
한국에서 생 망고스틴을? 입안 가득 찐~한 달콤함! 현지의 맛 그대로,푸드
[한.정.판/28일 순차발송] 왜 황제의 진상품이었을까..황제+칸탈세트!,푸드
"의성 복숭아 ""7일간의 행복""",푸드
"한잔에 제주도 야자수가 보이는 신선함, 통째로 갈아만든 청귤&매실 코디얼",푸드
"[설선물배송] '소오름! 숙성한우 너무 맛있어요' 평점 4.7, 후기확인",푸드
[평점4.6점 앵콜] 돌아왔습니다! 꾸덕~쫀득 로투떡! 후기 폭주중!,푸드
"단백질 20g에 단백질 제외 26칼로리! 놀라운 저당 디저트 ""빌딩블록""",푸드
[250억 투입/2년개발] 황금배합 명품 유산균으로 내 장의 황금기를,푸드
"그동안 못먹은 단 거 다 해먹을래요! 당류 0.00g, 설탕 대신 리슈가",푸드
[만명돌파기념] 신제품 출시! 무설탕 고농축 초미니 에너지 부스터 드립잇,푸드
[세계5대꿀] 꿀이야? 크림이야? 최상급 꿀의 맛과 질감을 느껴보세요,푸드
[추석 전 배송] 6차앵콜로 돌아온 상큼하고 향긋한 제주도 선물용 황금향,푸드
[4.8점/앵콜요청쇄도] 드디어 인생떡볶이를 찾았다! 미정당 떡볶이,푸드
"10초면끝 ! 물만 넣어 흔들면 바삭한 시리얼 아침 완성, 위:밀 시리얼",푸드
여름휴가는 벌집돼지껍데기와 함께! 집에서도 즐기고 캠핑에서도 즐기자!,푸드
"[앵콜]세계 3대 유산균사 균주로 만든 유산균이 한달 9,900원 실화?",푸드
"지금은 쭈꾸미 제철! 소문난 맛집 열혈쭈꾸미 3인분을 12,500원에!",푸드
[평점4.9/앵콜] 설탕함량40%↓ 마카롱의 새로운 기준 <저당도마카롱>,푸드
[2138%앵콜] 양배추와 유산균의 찐.만남! 위장애환으로 토탈케어하세요,푸드
고통 받는 직장인들 주목! <스마트원팩> 최고급 건강만 듬뿍 담았습니다.,푸드
[설로인] 트러플이 듬뿍 담긴 소고기 하몽 르통,푸드
[하루에 딱 한 스푼] 홍삼의 틀을 벗어난 맑은 홍삼농축액!,푸드
"[평점4.9점] VVIP를 위한 추석선물 1++등급, 급이 다른 투뿔한우",푸드
[백갈비를 아시나요?] '입에서 녹는 돼지고기' 찬사! 명인의 수제백갈비,푸드
"[유튜브500만뷰] 요즘 제일 핫한 미원한꼬집 KIT, 오직 와디즈에서만",푸드
[all국내산100%] 이 프레쉬한 목 넘김 뭐야? 리얼착즙 ABC주스!,푸드
"[앵콜]하루 100원대, 월 3천원대로 챙기는 가성비 종결! 멀티비타민!",푸드
[100% 국내한우] 설 떡국준비 끝! 51시간 푹 고아 탄생한 생활곰탕,푸드
"[8월 수확]포도의 고장 김천의 상위1% 수출용 샤인머스켓, 농장직송!",푸드
술리어답터세요? 배로 만든 신상애플사이더 #허니문배,푸드
2020햇마늘! 소비자와 농부 모두 웃는 상생마늘! 농부에게 직접받으세요,푸드
왕의 녹차 차향 가득 청잭살 말차베이스,푸드
[극찬의 마지막 앵콜] 설탕없이 달콤한 인생티 | 티전문가가 만들었어요!,푸드
[얼큰칼칼] 끓이기만 하면 꽃도리탕 완성! 볶음밥까지 야무지게 볶아드세요,푸드
[명절기획선물] 역대급 신개념 활력충전템_한의대생 한약사 직접 개발,푸드
[크리스마스전 배송] 이것은 도끼가 아닙니다. P본 스테이크입니다.,푸드
[간만세] 환? 음료? NO! 물없이 쪽 빨아먹는 새로운 숙취해소 습관,푸드
남자의 자신감 찾기 프로젝트 베어맥스가 신제품으로 돌아왔습니다!,푸드
"[100원 젤리, 4.8점 앵콜] 설탕없이 만든 신바이오틱스 비타구미",푸드
[ZERO 소스] 듬뿍 찍어먹어도 걱정 zero! 지겨운 식단 bye!,푸드
"[5000% 앵콜, 하루 100원]저분자피쉬콜라겐, 콜라겐 선택방법 공개",푸드
[아이스크림계의 테슬라] 꾸덕하고 진-한 프리미엄 순식물성 아이스크림,푸드
[상상 그 이상의 평양냉면] 윤선희 쉐프의 양각도 평양냉면,푸드
[4.8점 앵콜] 추석선물 고민 끝~국산 도라지정과 선물세트,푸드
[4.8앵콜]2021햇마늘! 소비자와 농부 모두 웃는 농부의 상생마늘,푸드
"[가정의달] 집에서 최고의 식사를, 9회앵콜 인생참치회",푸드
흑호해에 걸맞는 설선물! 호랑이무늬 한방 무태 장어,푸드
오징어 몸통살이 그대로 들어있는 진짜 바삭! [통오징어바이트],푸드
작심삼일? 새해는 깔라만시꿀로 맛있게 가벼워져요!,푸드
"[평점 5.0] 뉴트로에 굶주린 그대, 온고지신 전통 간편식 한끼 원밀",푸드
[9억 새싹보리 특허의 비밀] 억소리나는 음료에 양배추가 들어간 이유는?,푸드
"""예쁜데 건강하고 달콤해요!"" 상받은 티 전문가가 만든 인생티 [앵콜]",푸드
"[만족도 최고, 3억 앵콜] 5월 감사 선물은 귀한 제주 귤로향",푸드
맛있게 마시고 건강까지 챙겨요! 이제는 #유산균ACC주스,푸드
"[110원, 저분자 콜라겐]콜라겐 선택 고민이라면? 콜라겐 선택 비법공개",푸드
[프리미엄 자연조미료] 이 작은 큐브 한 개에 깊고 진한 한우 국물이!,푸드
"[추석선물] 꿀벌의 선물, 허니소믈리에의 꿀 떨어지는 이야기",푸드
100kcal대로 즐기는 파인트 사이즈 아이스크림!,푸드
세상에 없는 16시간 7분 8초의 정성. 수비드 LA갈비 스테이크,푸드
"[직장인필수품] 유산균을 담은 달콤한 100% 의성 흑마늘 스틱, 더블랙",푸드
중독성갑! 신주쿠카레X불타가 만든 맛있게 매운맛의 진수 [지옥불카레],푸드
"[ 앵콜 !! ] 텍사스 스타일 바베큐 3종 세트 / 트러플,마늘,불맛!",푸드
"[비만클리닉 원장의 노하우]다이어트, 솔직하게 도와드립니다.",푸드
"치킨 값의 간장게장,양념게장으로 가심비 저격!",푸드
"[애프터스] 금연 어렵다면 흡연 후, 캔디로 배출! 배출! 배출!",푸드
다 때려박은 활력아이템: 마카포뮬러 [후기 5.0앵콜],푸드
"[국내산, 無화학첨가물] 세상에 없던 부끄럽지 않은 쥐포",푸드
[4181%앵콜]식약처 기능성원료로 인정받은 유산균의 먹이 프리바이오틱스,푸드
연어독립만세! 국내산 통영 스틸헤드 숙성 연어 - 영광을 당신에게,푸드
홍삼을 맛있게! 활력up 영양up 일상 에너지 충전 '활력보충 한끼하삼',푸드
[야관문주] 1년 6개월 자연 숙성시킨 백제도가 나이트와인,푸드
[앵콜] 한 통에 양파 100kg 함유 : 하루 양파환,푸드
"쓰린 '속' 을 간편하게 달래주는 특별한 ""양배추즙"" 은 어떠세요?",푸드
"오래 앉아있고, 맵고 짜게 먹는 세상을 구해줄 맞춤형 드링크 [저스트비]",푸드
2조억원 배달 음식을 사랑하는 우리를 위한 <나만의 곡물효소>,푸드
'수퍼스노우' 당신을 위한 아침대용식 내가 먹은 한 끼가 내 몸을 만든다,푸드
#침샘폭발 2020월드푸드챔피언 요리대회 금상! 민병선 묵은지닭볶음탕,푸드
[텍사스 바베큐를 아시나요?] 텍사스 훈제향 가득한 바베큐 삼겹살 !!,푸드
No버터 No설탕 건강한 재료로 만드는 영히의 그래놀라,푸드
"[만족도 4.9점]만두계의 평양냉면, 앵콜펀딩으로 돌아온 할머니의 손맛!",푸드
[이게 마늘 꽃이라구요?] 입안 가득 풍미 팡! 마늘종 페스토,푸드
"[3차,마지막앵콜] 3배 더~ 진한, 발리네즈 노니원액",푸드
떡볶이는 당연히 '떡'이 맛있어야 합니다ㅣ자연치즈를 품은 옹심이 떡볶이,푸드
☆신비한 우주술! ☆별빛 한모금에 푹 빠져 보세요.☆,푸드
"[화곡미담 옛날떡볶이] 100년 전통, 서포터분들과 함께 만들어가겠습니다",푸드
"꽃 사세요, 꿀은 덤이에요 : ) 세상에! 이런 꿀이 있었어?",푸드
"추석선물 한정수량ㅣ오래된 포도나무에서 열린 특별한 거봉, 샤인머스캣",푸드
처음 맛보는 인생어묵탕! 소 한마리 다들어간 오오야 프리미엄 스지어묵탕,푸드
[인생극장] 행당동 뒷골목 그 유명한 등갈비!,푸드
SNS 대란 메뉴 | 신선한 국내산 대파와 삼겹살로 만든 #파삼겹,푸드
"[곰세마리양조장] 꿀로 만든 술이 있을까요? 겨울의 <제주, 밀감꿀술>",푸드
조리시간 30초! 초간편 완조리식품 [푸딘 메로 스테이크],푸드
<GAP인증>일 년을 기다린 제철 킹스베리를 가장 달콤할 때 만나보세요!,푸드
[앵콜:후기확인필수] 숙성한우 등심의 모든것 ! 6가지 등심 플래터,푸드
[추석선물] 탐라담다 제주도 천연 순수 때죽/감귤/들꽃 벌꿀 3종세트,푸드
"[내가 알던 차(TEA) 맞아?]나를 위한 홈티카페, PALETTEA",푸드
"[크림치즈의 끝판왕] 호텔 셰프 출신의 ""크림치즈""",푸드
"무슨 술이 이렇게 맛있어? #홈술필수템 블루베리 애플사이더, 와쥬블루",푸드
[20년강남맛집] 집으로 찾아가는 뼈없는 논현삼계탕,푸드
"[4차] 10초완성 밀크티베이스, 이제 마음껏 즐겨요.",푸드
"[월경전,갱년기 불편함 개선] 여성을 위한 건강기능식품 '에스퍼플'",푸드
[단황도복숭아] 황도를 뛰어넘는 부드러움과 달콤함을 품은 0.1% 복숭아,푸드
[유기농] 살구중 최고 하코트살구가 유기농으로!,푸드
눈건강 중심부에서 답을 찾다. 루테인이 아닙니다. 루테인 지아잔틴입니다,푸드
[수요미식회의 찬사] 완벽한 소고기 만들기 #2. 숙성한우,푸드
[아모레퍼시픽] 강남 에스테틱 전문가의 노하우 담은 고농축 이너뷰티 차,푸드
"[7,900만원신화] No MSG,국내산 쥐포 부끄럽지 않은 쥐포 시즌2",푸드
[제주바다의 깊은 맛] 딱새우를 로스팅하여 얼큰한 라면에 담았다!,푸드
[4.8앵콜] 물에 타먹는 1초 카페음료! 가벼운 18kcal #자허블,푸드
"[0.5공기 즉석밥의 탄생] 딸깍,꺾고 이제1/2 반반 나눠먹어요!",푸드
5색 5맛! 입안 가득 달콤하게 퍼지는 민트캔디가 독일에서 왔다! 콤파스,푸드
바삭! 치즈'맛'과자가 아닌 진짜 치즈! #신개념 51칼로리 건조치즈,푸드
[13회 앵콜] 인생참치회 / 화이트데이 맞아 참치파티 어떠세요?,푸드
"[활력을 위한 가장 현명한 선택] 남성을 위한 초고함량 활력탄, 하루탄환",푸드
[앵콜펀딩] [국산과일] 여름사과의 끝판왕 썸머킹을 아시나요!?,푸드
[식단관리/고식이섬유/친환경패키지] 이렇게 맛있는 그래놀라는 처음일걸?,푸드
[돼지갈비에 크림을 더하면?]깊고 부드러운 풍미 매콤크림 돼지갈비!,푸드
"부산식 오리지날 닭갈비, 유가솜씨를 소개합니다.",푸드
[어버이날 전 배송] 9차 앵콜로 돌아온 대정한우 선물세트,푸드
[설탕 없이도 충분해요] 생강의 알싸함이 고스란히 살아있는 무설탕생강청,푸드
[No슈가 + No밀크] 칼로리DOWN 밀크티와 라떼로 달달한 충전,푸드
"NO버터, NO계란, NO생크림! 순식물성으로 가볍게 즐기는 디저트",푸드
[헤이쬰] 쬰득쬰득 맛있게 업사이클된 쫀드기의 반쬰매력,푸드
[2019 알콜좀비-X프로젝트] 당신의 술자리가 즐거워 집니다.,푸드
그래놀라 유목민들 주목! 취향저격! 4가지맛의 아워그래놀라로 정착하세요!,푸드
"[주홍춘] 눈으로 즐기고 입으로 맛보는 감성탁주, 혼술도 외롭지 않다",푸드
[100% 순 메밀면] X [미슐랭 쉐프 비법소스] 특별한 콜라보!,푸드
혹시...고수 싫어하세요? 만능소스#고수페스토,푸드
[설 선물] 인생 참치회 가마도로세트,푸드
"벌써 누적 3억 펀딩? 칼로리까지 잡은 8kcal 탄산음료 ""라봉클링""",푸드
[체리 시너파이 에너지] 카페인..우리 헤어져..이제 체리랑 썸탈래..,푸드
"[단백질49%]마법같은 맛과식감! 키토부터 아웃도어까지 5가지맛 ""빌통""",푸드
"[추석선물배송, 앵콜만 17번째] 평점 4.8 초고당도 제주하우스감귤",푸드
[1469%앵콜] 올 겨울 마지막! 쫀득달콤 고구마덕후를 위한 신안 해풍,푸드
[11380% 앵콜ㅣ설전배송] 당신의 고기인생을 바꿀 명품 흑돼지 쫀돼지,푸드
[크리스마스 스페셜 앵콜]1초에 하나씩 팔리는 명품 루이보스티 프래시팩!,푸드
"배고픈 샐러드는 그만! 맛과 양, 밸런스를 갖춘 완벽한 식사, 퍼팩트키트",푸드
[앵콜/평점4.9]다시 한번 벌크업을 위해 돌아왔다![JMT단백질보충제],푸드
뜨끈한 추어탕 국물에 하얀 쌀 밥 말아서 한술 뜨면~,푸드
"[ 3748% 앵콜, 만족도 4.9 ] 유자로 80시간 숙성한 비법 연어",푸드
[평점 4.8점 앵콜] 신선! 꼬독! 제주해녀가 잡아올린 자연산 뿔소라,푸드
"[중화소스 끝판왕] #매콤한 감칠맛, 들어보셨나요? XO소스!",푸드
올여름 무더위 호로록! 달콤 톡톡 멜론사이더 #멜론서리 by댄싱사이더,푸드
"다이어트에 매번 실패했다면. 이번엔 다를거에요! ""빼박스가""있잖아요♥",푸드
당신의 첫 평냉 한반도랭면과 함께~!,푸드
진하고 달달한 베트남 현지맛 그대로! 찬물에도 잘 녹는 [카페쓰어다],푸드
"[티에서 '꿀맛'이라니?!] 설탕0%, 진짜 '꿀맛' 나는 티",푸드
[한정수량]마지막 한입까지 고기 듬뿍!생토마토와 한우사골로 끓인 라구소스,푸드
"세상에서 제일 귀여운 커피, 데릭커피",푸드
"나에게 필요한 것만, 나만을 위한 맞춤 큐레이션 샐러드 정기구독 서비스",푸드
"대만까지 소문난 찐-한 아이스TEA크림 ! 포장요청 쇄도, 파인트출시☆",푸드
"[앵콜][월간다과]: 구독형 한식 다과, 3월의 금귤로 만든 금귤정과3종",푸드
[1437% 마지막 앵콜] 마구 퍼먹어도 부담없는 인생 티라미수,푸드
[국내유일 오직한번] 텍사스 바베큐 선물세트 !!! (추석 직전 배송),푸드
"소고기안부럽다! 입에서 사르르 녹는 돼지특수부위 파티, 가브리살&백갈비",푸드
"[설전 배송, 명절선물] 김포 특산물, 금쌀로 빚은 프리미엄 막걸리",푸드
"올 겨울 꼭 한번 맛봐야 하는, 제주에서 온 가장 특별한 과일! 레드키위",푸드
[2억4천앵콜] '한라봉'으로 돌아온 #설탕쏙뺀 8kcal 탄산음료!,푸드
"[바삭한 식감 터지는 육즙]고기,새우,치즈 세가지 맛의 100% 수제짜조",푸드
23차 l 400kg 급 괴물 점보마구로. 인생참치회,푸드
"[뷰티-Full 채우는 액상 콜라겐] 간편하게 마시고, 빠르게 흡수하자!",푸드
"[몸매관리, 이 빵으로 끝낸다] 더 바르고 건강하게 만든 진짜 통밀빵",푸드
"[마라덕후주목!] 식탁위의 화룡점정, 휘리릭-뿌려주면 마라요리 완성",푸드
"다 때려박은 활력 아이템 : 마카포뮬러 [앵콜,5.0]",푸드
"[비타민C, D 100%충족] 씹는 순간 상쾌해지는 COOL한 멀티비타민",푸드
[리-얼 황금향뱅쇼] 한겨울엔 제주 제철 생과일로 끓인 수제뱅쇼,푸드
"미'귤'랭 가이드 2021 선정 - ""가히 환상적인 황금향""",푸드
"식사의 새로운 패러다임! 마시는 액상형 식사, 밀스 드링크",푸드
[전자레인지로 이게 된다고?] 3분이면 셰프의 요리가 식탁에!,푸드
"[대세는 먹확행] 5초만에 완성되는 한 끼 품격, 감칠맛 넘치는 전복장",푸드
"[앵콜] 그 비싼 생양갈비, 집에서 풍성하게 즐기기 by 실버스푼",푸드
에너지부스팅 + 릴렉스 까지? 비법의 진짜 포션 두둥등장!,푸드
